
INSERT INTO `users` (`id`, `name`, `email`, `email_verified_at`, `password`, `remember_token`, `created_at`, `updated_at`) VALUES
(1, 'admin', 'admin@capdt.com', NULL, '$2y$10$8bdNGDGg4jm6iGrrWhuLue0BDmetrxBLUWKRDIBCQZ4sQplUeySnG', 'qlH0nGSs6bgPtTkmrnOseZu0kblDd85VHUXPceF8WBbjF2pq0XAVYJUXcVy6', '2018-10-09 17:22:04', '2018-10-09 17:22:04');



INSERT INTO `banners` (`b_id`, `b_channel_name`, `b_title`, `b_banner`, `b_description`, `b_link`, `b_status`, `created_at`, `updated_at`) VALUES
(1, 'CAPDT', 'Here is Our latest Video Punugulu Success meet', '1551509416.jpg', 'CAPDT', NULL, '1', '2019-03-02 01:20:16', '2019-03-02 01:20:16'),
(2, 'CAPDT', 'Here is Our latest Video Punugulu Success meet', '1551509432.jpg', 'CAPDT', NULL, '1', '2019-03-02 01:20:32', '2019-03-02 01:20:32'),
(3, 'CAPDT', 'Here is Our latest Video Punugulu Success meet', '1551509441.jpg', 'CAPDT', NULL, '1', '2019-03-02 01:20:41', '2019-03-02 01:20:41'),
(4, 'CAPDT', 'Here is Our latest Video Punugulu Success meet', '1551509450.jpg', 'CAPDT', NULL, '1', '2019-03-02 01:20:50', '2019-03-02 01:20:50');


INSERT INTO `channels` (`ch_id`, `ch_channel_id`, `ch_title`, `ch_description`, `ch_customUrl`, `ch_publishedAt`, `ch_thumbnails`, `ch_banner_images`, `ch_branding_image`, `ch_viewCount`, `ch_commentCount`, `ch_subscriberCount`, `ch_videoCount`, `ch_status`, `created_at`, `updated_at`) VALUES
(1, 'UCm2Q5o3WbfDbgVnLZFF9wLA', 'CAPDT', 'Welcome to the official youtube channel of CAPDT (www.fb.com/CAPDT). Watch Latest Film Promotion videos, Shortfilms, Web Series, Comedy Shorts & Crime Dramas.', 'capdt', '2016-10-26T09:36:16.000Z', '{\"default\":{\"url\":\"https:\\/\\/yt3.ggpht.com\\/a-\\/AAuE7mD84qKUHLszClab0mYt2SkJONjVYA_DtUCQow=s88-mo-c-c0xffffffff-rj-k-no\",\"width\":88,\"height\":88},\"medium\":{\"url\":\"https:\\/\\/yt3.ggpht.com\\/a-\\/AAuE7mD84qKUHLszClab0mYt2SkJONjVYA_DtUCQow=s240-mo-c-c0xffffffff-rj-k-no\",\"width\":240,\"height\":240},\"high\":{\"url\":\"https:\\/\\/yt3.ggpht.com\\/a-\\/AAuE7mD84qKUHLszClab0mYt2SkJONjVYA_DtUCQow=s800-mo-c-c0xffffffff-rj-k-no\",\"width\":800,\"height\":800}}', NULL, '{\"bannerImageUrl\":\"https:\\/\\/yt3.ggpht.com\\/Ydb9Dc99OxPe5YPNO6nyrwSpBg0y0kJdOOwyMM5c2RsihUOo3IYG1yYw9PR0chb9wagTsQFMQA=w1060-fcrop64=1,00005a57ffffa5a8-nd-c0xffffffff-rj-k-no\",\"bannerMobileImageUrl\":\"https:\\/\\/yt3.ggpht.com\\/Ydb9Dc99OxPe5YPNO6nyrwSpBg0y0kJdOOwyMM5c2RsihUOo3IYG1yYw9PR0chb9wagTsQFMQA=w640-fcrop64=1,32b75a57cd48a5a8-nd-c0xffffffff-rj-k-no\",\"bannerTabletLowImageUrl\":\"https:\\/\\/yt3.ggpht.com\\/Ydb9Dc99OxPe5YPNO6nyrwSpBg0y0kJdOOwyMM5c2RsihUOo3IYG1yYw9PR0chb9wagTsQFMQA=w1138-fcrop64=1,00005a57ffffa5a8-nd-c0xffffffff-rj-k-no\",\"bannerTabletImageUrl\":\"https:\\/\\/yt3.ggpht.com\\/Ydb9Dc99OxPe5YPNO6nyrwSpBg0y0kJdOOwyMM5c2RsihUOo3IYG1yYw9PR0chb9wagTsQFMQA=w1707-fcrop64=1,00005a57ffffa5a8-nd-c0xffffffff-rj-k-no\",\"bannerTabletHdImageUrl\":\"https:\\/\\/yt3.ggpht.com\\/Ydb9Dc99OxPe5YPNO6nyrwSpBg0y0kJdOOwyMM5c2RsihUOo3IYG1yYw9PR0chb9wagTsQFMQA=w2276-fcrop64=1,00005a57ffffa5a8-nd-c0xffffffff-rj-k-no\",\"bannerTabletExtraHdImageUrl\":\"https:\\/\\/yt3.ggpht.com\\/Ydb9Dc99OxPe5YPNO6nyrwSpBg0y0kJdOOwyMM5c2RsihUOo3IYG1yYw9PR0chb9wagTsQFMQA=w2560-fcrop64=1,00005a57ffffa5a8-nd-c0xffffffff-rj-k-no\",\"bannerMobileLowImageUrl\":\"https:\\/\\/yt3.ggpht.com\\/Ydb9Dc99OxPe5YPNO6nyrwSpBg0y0kJdOOwyMM5c2RsihUOo3IYG1yYw9PR0chb9wagTsQFMQA=w320-fcrop64=1,32b75a57cd48a5a8-nd-c0xffffffff-rj-k-no\",\"bannerMobileMediumHdImageUrl\":\"https:\\/\\/yt3.ggpht.com\\/Ydb9Dc99OxPe5YPNO6nyrwSpBg0y0kJdOOwyMM5c2RsihUOo3IYG1yYw9PR0chb9wagTsQFMQA=w960-fcrop64=1,32b75a57cd48a5a8-nd-c0xffffffff-rj-k-no\",\"bannerMobileHdImageUrl\":\"https:\\/\\/yt3.ggpht.com\\/Ydb9Dc99OxPe5YPNO6nyrwSpBg0y0kJdOOwyMM5c2RsihUOo3IYG1yYw9PR0chb9wagTsQFMQA=w1280-fcrop64=1,32b75a57cd48a5a8-nd-c0xffffffff-rj-k-no\",\"bannerMobileExtraHdImageUrl\":\"https:\\/\\/yt3.ggpht.com\\/Ydb9Dc99OxPe5YPNO6nyrwSpBg0y0kJdOOwyMM5c2RsihUOo3IYG1yYw9PR0chb9wagTsQFMQA=w1440-fcrop64=1,32b75a57cd48a5a8-nd-c0xffffffff-rj-k-no\",\"bannerTvImageUrl\":\"https:\\/\\/yt3.ggpht.com\\/Ydb9Dc99OxPe5YPNO6nyrwSpBg0y0kJdOOwyMM5c2RsihUOo3IYG1yYw9PR0chb9wagTsQFMQA=w2120-fcrop64=1,00000000ffffffff-nd-c0xffffffff-rj-k-no\",\"bannerTvLowImageUrl\":\"https:\\/\\/yt3.ggpht.com\\/Ydb9Dc99OxPe5YPNO6nyrwSpBg0y0kJdOOwyMM5c2RsihUOo3IYG1yYw9PR0chb9wagTsQFMQA=w854-fcrop64=1,00000000ffffffff-nd-c0xffffffff-rj-k-no\",\"bannerTvMediumImageUrl\":\"https:\\/\\/yt3.ggpht.com\\/Ydb9Dc99OxPe5YPNO6nyrwSpBg0y0kJdOOwyMM5c2RsihUOo3IYG1yYw9PR0chb9wagTsQFMQA=w1280-fcrop64=1,00000000ffffffff-nd-c0xffffffff-rj-k-no\",\"bannerTvHighImageUrl\":\"https:\\/\\/yt3.ggpht.com\\/Ydb9Dc99OxPe5YPNO6nyrwSpBg0y0kJdOOwyMM5c2RsihUOo3IYG1yYw9PR0chb9wagTsQFMQA=w1920-fcrop64=1,00000000ffffffff-nd-c0xffffffff-rj-k-no\"}', 11810184, NULL, 151455, 59, 1, '2019-03-02 00:54:02', '2019-03-02 00:54:02'),
(2, 'UC9oYsyIZ_hziMNc7cqCvF2w', 'Godavari Express', 'Hello People, Godavari express is a non stop Entertainment channel with innovative and witty line with relatable content.  We hope you enjoy our content. \n\nReach out to us from the E-mail mentioned below for any business queries and enquiry.', 'godavariexpress', '2018-12-26T09:02:55.000Z', '{\"default\":{\"url\":\"https:\\/\\/yt3.ggpht.com\\/a-\\/AAuE7mCrT1FsWCW6HQN-xhKKYAfPrAOFGiqk13QhDw=s88-mo-c-c0xffffffff-rj-k-no\",\"width\":88,\"height\":88},\"medium\":{\"url\":\"https:\\/\\/yt3.ggpht.com\\/a-\\/AAuE7mCrT1FsWCW6HQN-xhKKYAfPrAOFGiqk13QhDw=s240-mo-c-c0xffffffff-rj-k-no\",\"width\":240,\"height\":240},\"high\":{\"url\":\"https:\\/\\/yt3.ggpht.com\\/a-\\/AAuE7mCrT1FsWCW6HQN-xhKKYAfPrAOFGiqk13QhDw=s800-mo-c-c0xffffffff-rj-k-no\",\"width\":800,\"height\":800}}', NULL, '{\"bannerImageUrl\":\"https:\\/\\/yt3.ggpht.com\\/CRqtgnxZFMYAoE8Vxkig2uOOSNom7cPMPRlVOcVfkdp6nK-XJXNhlYCpEU4dcwcmxgGEANW-=w1060-fcrop64=1,00005a57ffffa5a8-nd-c0xffffffff-rj-k-no\",\"bannerMobileImageUrl\":\"https:\\/\\/yt3.ggpht.com\\/CRqtgnxZFMYAoE8Vxkig2uOOSNom7cPMPRlVOcVfkdp6nK-XJXNhlYCpEU4dcwcmxgGEANW-=w640-fcrop64=1,32b75a57cd48a5a8-nd-c0xffffffff-rj-k-no\",\"bannerTabletLowImageUrl\":\"https:\\/\\/yt3.ggpht.com\\/CRqtgnxZFMYAoE8Vxkig2uOOSNom7cPMPRlVOcVfkdp6nK-XJXNhlYCpEU4dcwcmxgGEANW-=w1138-fcrop64=1,00005a57ffffa5a8-nd-c0xffffffff-rj-k-no\",\"bannerTabletImageUrl\":\"https:\\/\\/yt3.ggpht.com\\/CRqtgnxZFMYAoE8Vxkig2uOOSNom7cPMPRlVOcVfkdp6nK-XJXNhlYCpEU4dcwcmxgGEANW-=w1707-fcrop64=1,00005a57ffffa5a8-nd-c0xffffffff-rj-k-no\",\"bannerTabletHdImageUrl\":\"https:\\/\\/yt3.ggpht.com\\/CRqtgnxZFMYAoE8Vxkig2uOOSNom7cPMPRlVOcVfkdp6nK-XJXNhlYCpEU4dcwcmxgGEANW-=w2276-fcrop64=1,00005a57ffffa5a8-nd-c0xffffffff-rj-k-no\",\"bannerTabletExtraHdImageUrl\":\"https:\\/\\/yt3.ggpht.com\\/CRqtgnxZFMYAoE8Vxkig2uOOSNom7cPMPRlVOcVfkdp6nK-XJXNhlYCpEU4dcwcmxgGEANW-=w2560-fcrop64=1,00005a57ffffa5a8-nd-c0xffffffff-rj-k-no\",\"bannerMobileLowImageUrl\":\"https:\\/\\/yt3.ggpht.com\\/CRqtgnxZFMYAoE8Vxkig2uOOSNom7cPMPRlVOcVfkdp6nK-XJXNhlYCpEU4dcwcmxgGEANW-=w320-fcrop64=1,32b75a57cd48a5a8-nd-c0xffffffff-rj-k-no\",\"bannerMobileMediumHdImageUrl\":\"https:\\/\\/yt3.ggpht.com\\/CRqtgnxZFMYAoE8Vxkig2uOOSNom7cPMPRlVOcVfkdp6nK-XJXNhlYCpEU4dcwcmxgGEANW-=w960-fcrop64=1,32b75a57cd48a5a8-nd-c0xffffffff-rj-k-no\",\"bannerMobileHdImageUrl\":\"https:\\/\\/yt3.ggpht.com\\/CRqtgnxZFMYAoE8Vxkig2uOOSNom7cPMPRlVOcVfkdp6nK-XJXNhlYCpEU4dcwcmxgGEANW-=w1280-fcrop64=1,32b75a57cd48a5a8-nd-c0xffffffff-rj-k-no\",\"bannerMobileExtraHdImageUrl\":\"https:\\/\\/yt3.ggpht.com\\/CRqtgnxZFMYAoE8Vxkig2uOOSNom7cPMPRlVOcVfkdp6nK-XJXNhlYCpEU4dcwcmxgGEANW-=w1440-fcrop64=1,32b75a57cd48a5a8-nd-c0xffffffff-rj-k-no\",\"bannerTvImageUrl\":\"https:\\/\\/yt3.ggpht.com\\/CRqtgnxZFMYAoE8Vxkig2uOOSNom7cPMPRlVOcVfkdp6nK-XJXNhlYCpEU4dcwcmxgGEANW-=w2120-fcrop64=1,00000000ffffffff-nd-c0xffffffff-rj-k-no\",\"bannerTvLowImageUrl\":\"https:\\/\\/yt3.ggpht.com\\/CRqtgnxZFMYAoE8Vxkig2uOOSNom7cPMPRlVOcVfkdp6nK-XJXNhlYCpEU4dcwcmxgGEANW-=w854-fcrop64=1,00000000ffffffff-nd-c0xffffffff-rj-k-no\",\"bannerTvMediumImageUrl\":\"https:\\/\\/yt3.ggpht.com\\/CRqtgnxZFMYAoE8Vxkig2uOOSNom7cPMPRlVOcVfkdp6nK-XJXNhlYCpEU4dcwcmxgGEANW-=w1280-fcrop64=1,00000000ffffffff-nd-c0xffffffff-rj-k-no\",\"bannerTvHighImageUrl\":\"https:\\/\\/yt3.ggpht.com\\/CRqtgnxZFMYAoE8Vxkig2uOOSNom7cPMPRlVOcVfkdp6nK-XJXNhlYCpEU4dcwcmxgGEANW-=w1920-fcrop64=1,00000000ffffffff-nd-c0xffffffff-rj-k-no\"}', 1431984, NULL, 33196, 8, 1, '2019-03-02 00:54:23', '2019-03-02 00:54:23'),
(3, 'UCn_DZJs6iiF0JDHTMwiKM2w', 'Hey Pilla!', 'Hello Folks, Hey Pilla is a Girls channel about the contemporary fun and challenges women face. We hope you enjoy our content. Cheers!\n\nReach out to us from the E-mail mentioned below for any business queries and enquiry.', 'heypilla', '2018-12-22T11:06:48.000Z', '{\"default\":{\"url\":\"https:\\/\\/yt3.ggpht.com\\/a-\\/AAuE7mC5ApzGbXF0leL5fZ3LedfoMruF86HjpFH_UA=s88-mo-c-c0xffffffff-rj-k-no\",\"width\":88,\"height\":88},\"medium\":{\"url\":\"https:\\/\\/yt3.ggpht.com\\/a-\\/AAuE7mC5ApzGbXF0leL5fZ3LedfoMruF86HjpFH_UA=s240-mo-c-c0xffffffff-rj-k-no\",\"width\":240,\"height\":240},\"high\":{\"url\":\"https:\\/\\/yt3.ggpht.com\\/a-\\/AAuE7mC5ApzGbXF0leL5fZ3LedfoMruF86HjpFH_UA=s800-mo-c-c0xffffffff-rj-k-no\",\"width\":800,\"height\":800}}', NULL, '{\"bannerImageUrl\":\"https:\\/\\/yt3.ggpht.com\\/IC8qKKXxWNSmvpIj_wQlz-EpPnIe0cFDe2RTZ0SZMsgIt9YSxcFHz6rwTZ32UnUnmsmkF2W-pA=w1060-fcrop64=1,00005a57ffffa5a8-nd-c0xffffffff-rj-k-no\",\"bannerMobileImageUrl\":\"https:\\/\\/yt3.ggpht.com\\/IC8qKKXxWNSmvpIj_wQlz-EpPnIe0cFDe2RTZ0SZMsgIt9YSxcFHz6rwTZ32UnUnmsmkF2W-pA=w640-fcrop64=1,32b75a57cd48a5a8-nd-c0xffffffff-rj-k-no\",\"bannerTabletLowImageUrl\":\"https:\\/\\/yt3.ggpht.com\\/IC8qKKXxWNSmvpIj_wQlz-EpPnIe0cFDe2RTZ0SZMsgIt9YSxcFHz6rwTZ32UnUnmsmkF2W-pA=w1138-fcrop64=1,00005a57ffffa5a8-nd-c0xffffffff-rj-k-no\",\"bannerTabletImageUrl\":\"https:\\/\\/yt3.ggpht.com\\/IC8qKKXxWNSmvpIj_wQlz-EpPnIe0cFDe2RTZ0SZMsgIt9YSxcFHz6rwTZ32UnUnmsmkF2W-pA=w1707-fcrop64=1,00005a57ffffa5a8-nd-c0xffffffff-rj-k-no\",\"bannerTabletHdImageUrl\":\"https:\\/\\/yt3.ggpht.com\\/IC8qKKXxWNSmvpIj_wQlz-EpPnIe0cFDe2RTZ0SZMsgIt9YSxcFHz6rwTZ32UnUnmsmkF2W-pA=w2276-fcrop64=1,00005a57ffffa5a8-nd-c0xffffffff-rj-k-no\",\"bannerTabletExtraHdImageUrl\":\"https:\\/\\/yt3.ggpht.com\\/IC8qKKXxWNSmvpIj_wQlz-EpPnIe0cFDe2RTZ0SZMsgIt9YSxcFHz6rwTZ32UnUnmsmkF2W-pA=w2560-fcrop64=1,00005a57ffffa5a8-nd-c0xffffffff-rj-k-no\",\"bannerMobileLowImageUrl\":\"https:\\/\\/yt3.ggpht.com\\/IC8qKKXxWNSmvpIj_wQlz-EpPnIe0cFDe2RTZ0SZMsgIt9YSxcFHz6rwTZ32UnUnmsmkF2W-pA=w320-fcrop64=1,32b75a57cd48a5a8-nd-c0xffffffff-rj-k-no\",\"bannerMobileMediumHdImageUrl\":\"https:\\/\\/yt3.ggpht.com\\/IC8qKKXxWNSmvpIj_wQlz-EpPnIe0cFDe2RTZ0SZMsgIt9YSxcFHz6rwTZ32UnUnmsmkF2W-pA=w960-fcrop64=1,32b75a57cd48a5a8-nd-c0xffffffff-rj-k-no\",\"bannerMobileHdImageUrl\":\"https:\\/\\/yt3.ggpht.com\\/IC8qKKXxWNSmvpIj_wQlz-EpPnIe0cFDe2RTZ0SZMsgIt9YSxcFHz6rwTZ32UnUnmsmkF2W-pA=w1280-fcrop64=1,32b75a57cd48a5a8-nd-c0xffffffff-rj-k-no\",\"bannerMobileExtraHdImageUrl\":\"https:\\/\\/yt3.ggpht.com\\/IC8qKKXxWNSmvpIj_wQlz-EpPnIe0cFDe2RTZ0SZMsgIt9YSxcFHz6rwTZ32UnUnmsmkF2W-pA=w1440-fcrop64=1,32b75a57cd48a5a8-nd-c0xffffffff-rj-k-no\",\"bannerTvImageUrl\":\"https:\\/\\/yt3.ggpht.com\\/IC8qKKXxWNSmvpIj_wQlz-EpPnIe0cFDe2RTZ0SZMsgIt9YSxcFHz6rwTZ32UnUnmsmkF2W-pA=w2120-fcrop64=1,00000000ffffffff-nd-c0xffffffff-rj-k-no\",\"bannerTvLowImageUrl\":\"https:\\/\\/yt3.ggpht.com\\/IC8qKKXxWNSmvpIj_wQlz-EpPnIe0cFDe2RTZ0SZMsgIt9YSxcFHz6rwTZ32UnUnmsmkF2W-pA=w854-fcrop64=1,00000000ffffffff-nd-c0xffffffff-rj-k-no\",\"bannerTvMediumImageUrl\":\"https:\\/\\/yt3.ggpht.com\\/IC8qKKXxWNSmvpIj_wQlz-EpPnIe0cFDe2RTZ0SZMsgIt9YSxcFHz6rwTZ32UnUnmsmkF2W-pA=w1280-fcrop64=1,00000000ffffffff-nd-c0xffffffff-rj-k-no\",\"bannerTvHighImageUrl\":\"https:\\/\\/yt3.ggpht.com\\/IC8qKKXxWNSmvpIj_wQlz-EpPnIe0cFDe2RTZ0SZMsgIt9YSxcFHz6rwTZ32UnUnmsmkF2W-pA=w1920-fcrop64=1,00000000ffffffff-nd-c0xffffffff-rj-k-no\"}', 2405844, NULL, 47358, 8, 1, '2019-03-02 00:54:38', '2019-03-02 00:54:38');



INSERT INTO `contactus` (`id`, `name`, `email`, `contact_number`, `message`, `created_at`, `updated_at`) VALUES
(1, 'Sairam', 'sai96030@gmail.com', 9603036519, 'testtttttttttt', '2019-03-06 07:42:55', '2019-03-06 07:42:55');



INSERT INTO `memes` (`m_id`, `m_title`, `m_meme`, `m_status`, `created_at`, `updated_at`) VALUES
(7, 'Test', '1551852001.jpg', '1', '2019-03-06 00:30:01', '2019-03-06 00:30:01'),
(8, 'testest', '1551852014.jpg', '1', '2019-03-06 00:30:14', '2019-03-06 00:30:14'),
(9, 'testest', '1551852020.jpg', '1', '2019-03-06 00:30:20', '2019-03-06 00:30:20'),
(10, 'ewtwetwet', '1551852026.jpg', '1', '2019-03-06 00:30:26', '2019-03-06 00:30:26'),
(11, 'sdgsdgewt', '1551852035.jpg', '1', '2019-03-06 00:30:35', '2019-03-06 00:30:35'),
(12, 'etqwetwetwe', '1551852041.jpg', '1', '2019-03-06 00:30:41', '2019-03-06 00:30:41');







INSERT INTO `settings` (`s_id`, `s_logo`, `s_url`, `s_mobile`, `s_phone`, `s_email`, `s_address`, `s_facebook`, `s_twitter`, `s_linkedin`, `s_instagram`, `s_google_plus`, `s_youtube_link`, `created_at`, `updated_at`) VALUES
(1, '1551941748.svg', 'www.capdt.com', '8888888888', '04088888888', 'info@capdt.media', 'Hyderabad', 'https://www.facebook.com/CAPDT/', 'https://twitter.com/CapdtOfficial', NULL, 'https://www.instagram.com/capdt/', NULL, 'https://www.youtube.com/channel/UCm2Q5o3WbfDbgVnLZFF9wLA', '2019-03-07 01:25:48', '2019-03-07 01:25:48');



INSERT INTO `stories` (`s_id`, `s_title`, `s_alias`, `s_poster`, `s_description`, `s_meta_keys`, `s_status`, `created_at`, `updated_at`) VALUES
(1, 'Article 1', 'article-1', '1551767272.jpg', 'Actor Gopichand&rsquo;s most awaited film Pantham, that has the tagline &lsquo;For a Cause&rsquo;, producer by K.K. Radhamohan on his Sri Satya Sai Arts banner is set to release on July 5. And the team recently wrapped up shoot and is now busy with the film&rsquo;s post production. Meanwhile, the film&rsquo;s promotional activities have begun too.\r\n\r\nThe team is all set to release the first single from the film, First Time on Friday at 12.15 pm. Gopi Sunder is said to have come up with some very fresh tunes for the flick. Directed by K. Chakravarthy, who wrote the screenplay for films like Balupu, Power and Jai Lava Kusa, the film is Gopichand&rsquo;s landmark 25th film, and the producers have gone all out to ensure it will be special for him. Actor Gopichand&rsquo;s most awaited film Pantham, that has the tagline &lsquo;For a Cause&rsquo;, producer by K.K. Radhamohan on his Sri Satya Sai Arts banner is set to release on July 5. And the team recently wrapped up shoot and is now busy with the film&rsquo;s post production. Meanwhile, the film&rsquo;s promotional activities have begun too.\r\n\r\nThe team is all set to release the first single from the film, First Time on Friday at 12.15 pm. Gopi Sunder is said to have come up with some very fresh tunes for the flick. Directed by K. Chakravarthy, who wrote the screenplay for films like Balupu, Power and Jai Lava Kusa, the film is Gopichand&rsquo;s landmark 25th film, and the producers have gone all out to ensure it will be special for him.\r\n\r\nProduction values of the film are just about okay. Music by Chirantan Bhatt is decent as all the songs sound good on screen. But the background score could have been a bit better during the crunch elevation scenes. The camerawork is okay and showcases the Kumbakonam region well. Dialogues written for Balayya are quite massy and will appeal to the front benchers. Editing is pretty average as the film needs serious cuts to make things better.Coming to the director Ravi Kumar, he has done just an okay job with the film. Even though he has presented Balakrishna quite well, his narration is quite dull in major places. The way he adds unnecessary commercial elements and sidetracks the film frequently deviates the attention of the audience most of the time.\r\n\r\nOn the whole, Jai Simha is a typical mass masala entertainer in true Balakrishna style. The added advantage of the film is the emotional angle during the climax. The film is clearly aimed at the masses and will do well with all Balakrishna fans. But the roller coaster effect of the film can get to the regular audience at times. If you are the one who does not mind the regular commercial narration, this film ends up as a one time watch this festival season.', 'Article 1', '1', '2019-03-05 00:57:52', '2019-03-05 01:54:04'),
(2, 'Article 2', 'article-2', '1551767285.jpg', 'Actor Gopichand’s most awaited film Pantham, that has the tagline ‘For a Cause’, producer by K.K. Radhamohan on his Sri Satya Sai Arts banner is set to release on July 5. And the team recently wrapped up shoot and is now busy with the film’s post production. Meanwhile, the film’s promotional activities have begun too.\r\n\r\nThe team is all set to release the first single from the film, First Time on Friday at 12.15 pm. Gopi Sunder is said to have come up with some very fresh tunes for the flick. Directed by K. Chakravarthy, who wrote the screenplay for films like Balupu, Power and Jai Lava Kusa, the film is Gopichand’s landmark 25th film, and the producers have gone all out to ensure it will be special for him. Actor Gopichand’s most awaited film Pantham, that has the tagline ‘For a Cause’, producer by K.K. Radhamohan on his Sri Satya Sai Arts banner is set to release on July 5. And the team recently wrapped up shoot and is now busy with the film’s post production. Meanwhile, the film’s promotional activities have begun too.\r\n\r\nThe team is all set to release the first single from the film, First Time on Friday at 12.15 pm. Gopi Sunder is said to have come up with some very fresh tunes for the flick. Directed by K. Chakravarthy, who wrote the screenplay for films like Balupu, Power and Jai Lava Kusa, the film is Gopichand’s landmark 25th film, and the producers have gone all out to ensure it will be special for him.\r\n\r\nProduction values of the film are just about okay. Music by Chirantan Bhatt is decent as all the songs sound good on screen. But the background score could have been a bit better during the crunch elevation scenes. The camerawork is okay and showcases the Kumbakonam region well. Dialogues written for Balayya are quite massy and will appeal to the front benchers. Editing is pretty average as the film needs serious cuts to make things better.Coming to the director Ravi Kumar, he has done just an okay job with the film. Even though he has presented Balakrishna quite well, his narration is quite dull in major places. The way he adds unnecessary commercial elements and sidetracks the film frequently deviates the attention of the audience most of the time.\r\n\r\nOn the whole, Jai Simha is a typical mass masala entertainer in true Balakrishna style. The added advantage of the film is the emotional angle during the climax. The film is clearly aimed at the masses and will do well with all Balakrishna fans. But the roller coaster effect of the film can get to the regular audience at times. If you are the one who does not mind the regular commercial narration, this film ends up as a one time watch this festival season.', 'Article 2', '1', '2019-03-05 00:58:05', '2019-03-05 00:58:05'),
(3, 'Article 3', 'article-3', '1551768031.jpg', 'Actor Gopichand’s most awaited film Pantham, that has the tagline ‘For a Cause’, producer by K.K. Radhamohan on his Sri Satya Sai Arts banner is set to release on July 5. And the team recently wrapped up shoot and is now busy with the film’s post production. Meanwhile, the film’s promotional activities have begun too.\r\n\r\nThe team is all set to release the first single from the film, First Time on Friday at 12.15 pm. Gopi Sunder is said to have come up with some very fresh tunes for the flick. Directed by K. Chakravarthy, who wrote the screenplay for films like Balupu, Power and Jai Lava Kusa, the film is Gopichand’s landmark 25th film, and the producers have gone all out to ensure it will be special for him. Actor Gopichand’s most awaited film Pantham, that has the tagline ‘For a Cause’, producer by K.K. Radhamohan on his Sri Satya Sai Arts banner is set to release on July 5. And the team recently wrapped up shoot and is now busy with the film’s post production. Meanwhile, the film’s promotional activities have begun too.\r\n\r\nThe team is all set to release the first single from the film, First Time on Friday at 12.15 pm. Gopi Sunder is said to have come up with some very fresh tunes for the flick. Directed by K. Chakravarthy, who wrote the screenplay for films like Balupu, Power and Jai Lava Kusa, the film is Gopichand’s landmark 25th film, and the producers have gone all out to ensure it will be special for him.\r\n\r\nProduction values of the film are just about okay. Music by Chirantan Bhatt is decent as all the songs sound good on screen. But the background score could have been a bit better during the crunch elevation scenes. The camerawork is okay and showcases the Kumbakonam region well. Dialogues written for Balayya are quite massy and will appeal to the front benchers. Editing is pretty average as the film needs serious cuts to make things better.Coming to the director Ravi Kumar, he has done just an okay job with the film. Even though he has presented Balakrishna quite well, his narration is quite dull in major places. The way he adds unnecessary commercial elements and sidetracks the film frequently deviates the attention of the audience most of the time.\r\n\r\nOn the whole, Jai Simha is a typical mass masala entertainer in true Balakrishna style. The added advantage of the film is the emotional angle during the climax. The film is clearly aimed at the masses and will do well with all Balakrishna fans. But the roller coaster effect of the film can get to the regular audience at times. If you are the one who does not mind the regular commercial narration, this film ends up as a one time watch this festival season.', 'Article 3', '1', '2019-03-05 01:10:31', '2019-03-05 01:10:31'),
(4, 'Article 4', 'article-4', '1551768046.jpg', 'Actor Gopichand’s most awaited film Pantham, that has the tagline ‘For a Cause’, producer by K.K. Radhamohan on his Sri Satya Sai Arts banner is set to release on July 5. And the team recently wrapped up shoot and is now busy with the film’s post production. Meanwhile, the film’s promotional activities have begun too.\r\n\r\nThe team is all set to release the first single from the film, First Time on Friday at 12.15 pm. Gopi Sunder is said to have come up with some very fresh tunes for the flick. Directed by K. Chakravarthy, who wrote the screenplay for films like Balupu, Power and Jai Lava Kusa, the film is Gopichand’s landmark 25th film, and the producers have gone all out to ensure it will be special for him. Actor Gopichand’s most awaited film Pantham, that has the tagline ‘For a Cause’, producer by K.K. Radhamohan on his Sri Satya Sai Arts banner is set to release on July 5. And the team recently wrapped up shoot and is now busy with the film’s post production. Meanwhile, the film’s promotional activities have begun too.\r\n\r\nThe team is all set to release the first single from the film, First Time on Friday at 12.15 pm. Gopi Sunder is said to have come up with some very fresh tunes for the flick. Directed by K. Chakravarthy, who wrote the screenplay for films like Balupu, Power and Jai Lava Kusa, the film is Gopichand’s landmark 25th film, and the producers have gone all out to ensure it will be special for him.\r\n\r\nProduction values of the film are just about okay. Music by Chirantan Bhatt is decent as all the songs sound good on screen. But the background score could have been a bit better during the crunch elevation scenes. The camerawork is okay and showcases the Kumbakonam region well. Dialogues written for Balayya are quite massy and will appeal to the front benchers. Editing is pretty average as the film needs serious cuts to make things better.Coming to the director Ravi Kumar, he has done just an okay job with the film. Even though he has presented Balakrishna quite well, his narration is quite dull in major places. The way he adds unnecessary commercial elements and sidetracks the film frequently deviates the attention of the audience most of the time.\r\n\r\nOn the whole, Jai Simha is a typical mass masala entertainer in true Balakrishna style. The added advantage of the film is the emotional angle during the climax. The film is clearly aimed at the masses and will do well with all Balakrishna fans. But the roller coaster effect of the film can get to the regular audience at times. If you are the one who does not mind the regular commercial narration, this film ends up as a one time watch this festival season.', 'Article 4', '1', '2019-03-05 01:10:46', '2019-03-05 01:10:46'),
(5, 'Article 5', 'article-5', '1551768061.jpg', 'Actor Gopichand’s most awaited film Pantham, that has the tagline ‘For a Cause’, producer by K.K. Radhamohan on his Sri Satya Sai Arts banner is set to release on July 5. And the team recently wrapped up shoot and is now busy with the film’s post production. Meanwhile, the film’s promotional activities have begun too.\r\n\r\nThe team is all set to release the first single from the film, First Time on Friday at 12.15 pm. Gopi Sunder is said to have come up with some very fresh tunes for the flick. Directed by K. Chakravarthy, who wrote the screenplay for films like Balupu, Power and Jai Lava Kusa, the film is Gopichand’s landmark 25th film, and the producers have gone all out to ensure it will be special for him. Actor Gopichand’s most awaited film Pantham, that has the tagline ‘For a Cause’, producer by K.K. Radhamohan on his Sri Satya Sai Arts banner is set to release on July 5. And the team recently wrapped up shoot and is now busy with the film’s post production. Meanwhile, the film’s promotional activities have begun too.\r\n\r\nThe team is all set to release the first single from the film, First Time on Friday at 12.15 pm. Gopi Sunder is said to have come up with some very fresh tunes for the flick. Directed by K. Chakravarthy, who wrote the screenplay for films like Balupu, Power and Jai Lava Kusa, the film is Gopichand’s landmark 25th film, and the producers have gone all out to ensure it will be special for him.\r\n\r\nProduction values of the film are just about okay. Music by Chirantan Bhatt is decent as all the songs sound good on screen. But the background score could have been a bit better during the crunch elevation scenes. The camerawork is okay and showcases the Kumbakonam region well. Dialogues written for Balayya are quite massy and will appeal to the front benchers. Editing is pretty average as the film needs serious cuts to make things better.Coming to the director Ravi Kumar, he has done just an okay job with the film. Even though he has presented Balakrishna quite well, his narration is quite dull in major places. The way he adds unnecessary commercial elements and sidetracks the film frequently deviates the attention of the audience most of the time.\r\n\r\nOn the whole, Jai Simha is a typical mass masala entertainer in true Balakrishna style. The added advantage of the film is the emotional angle during the climax. The film is clearly aimed at the masses and will do well with all Balakrishna fans. But the roller coaster effect of the film can get to the regular audience at times. If you are the one who does not mind the regular commercial narration, this film ends up as a one time watch this festival season.', 'Article 5', '1', '2019-03-05 01:11:01', '2019-03-05 01:11:01'),
(6, 'Article 6', 'article-6', '1551768090.jpg', 'Actor Gopichand’s most awaited film Pantham, that has the tagline ‘For a Cause’, producer by K.K. Radhamohan on his Sri Satya Sai Arts banner is set to release on July 5. And the team recently wrapped up shoot and is now busy with the film’s post production. Meanwhile, the film’s promotional activities have begun too.\r\n\r\nThe team is all set to release the first single from the film, First Time on Friday at 12.15 pm. Gopi Sunder is said to have come up with some very fresh tunes for the flick. Directed by K. Chakravarthy, who wrote the screenplay for films like Balupu, Power and Jai Lava Kusa, the film is Gopichand’s landmark 25th film, and the producers have gone all out to ensure it will be special for him. Actor Gopichand’s most awaited film Pantham, that has the tagline ‘For a Cause’, producer by K.K. Radhamohan on his Sri Satya Sai Arts banner is set to release on July 5. And the team recently wrapped up shoot and is now busy with the film’s post production. Meanwhile, the film’s promotional activities have begun too.\r\n\r\nThe team is all set to release the first single from the film, First Time on Friday at 12.15 pm. Gopi Sunder is said to have come up with some very fresh tunes for the flick. Directed by K. Chakravarthy, who wrote the screenplay for films like Balupu, Power and Jai Lava Kusa, the film is Gopichand’s landmark 25th film, and the producers have gone all out to ensure it will be special for him.\r\n\r\nProduction values of the film are just about okay. Music by Chirantan Bhatt is decent as all the songs sound good on screen. But the background score could have been a bit better during the crunch elevation scenes. The camerawork is okay and showcases the Kumbakonam region well. Dialogues written for Balayya are quite massy and will appeal to the front benchers. Editing is pretty average as the film needs serious cuts to make things better.Coming to the director Ravi Kumar, he has done just an okay job with the film. Even though he has presented Balakrishna quite well, his narration is quite dull in major places. The way he adds unnecessary commercial elements and sidetracks the film frequently deviates the attention of the audience most of the time.\r\n\r\nOn the whole, Jai Simha is a typical mass masala entertainer in true Balakrishna style. The added advantage of the film is the emotional angle during the climax. The film is clearly aimed at the masses and will do well with all Balakrishna fans. But the roller coaster effect of the film can get to the regular audience at times. If you are the one who does not mind the regular commercial narration, this film ends up as a one time watch this festival season.', 'Article 6', '1', '2019-03-05 01:11:30', '2019-03-05 01:11:30');



INSERT INTO `subscriptions` (`id`, `email`, `created_at`, `updated_at`) VALUES
(1, 'sai96030@gmail.com', '2019-03-06 07:20:32', '2019-03-06 07:20:32'),
(2, 'admin@lolokplease.com', '2019-03-06 07:30:27', '2019-03-06 07:30:27');





INSERT INTO `videos` (`yt_vid`, `yt_video_id`, `yt_webseries_id`, `yt_channel_id`, `yt_title`, `yt_description`, `yt_thumbnails`, `yt_tags`, `yt_viewCount`, `yt_likeCount`, `yt_dislikeCount`, `yt_favoriteCount`, `yt_commentCount`, `yt_status`, `yt_live_update_status`, `yt_trending`, `yt_time_uploaded`, `yt_video_duration`, `created_at`, `updated_at`) VALUES
(1, 'xE1RUE8ycCo', 1, 'UCm2Q5o3WbfDbgVnLZFF9wLA', 'Room Shifting Party | CAPDT |', 'CAPDT #Capdtlatest Here is our latest video \"Room Shifting Party\" CAST Ravi Teja Mahadasyam (https://www.instagram.com/ravi_teja_mahadasyam/) ...', '{\"default\":{\"url\":\"https:\\/\\/i.ytimg.com\\/vi\\/xE1RUE8ycCo\\/default.jpg\",\"width\":120,\"height\":90},\"medium\":{\"url\":\"https:\\/\\/i.ytimg.com\\/vi\\/xE1RUE8ycCo\\/mqdefault.jpg\",\"width\":320,\"height\":180},\"high\":{\"url\":\"https:\\/\\/i.ytimg.com\\/vi\\/xE1RUE8ycCo\\/hqdefault.jpg\",\"width\":480,\"height\":360}}', 'CAPDT,Comedy Videos,Comedy Videos Latest,Telugu Funny Videos,Telugu Comedy Short Films,Hey Pilla,Godavari Express,Trending Videos,Trending,Telugu Latest,Aditya Music,Latest Comedy Videos,Jabardasth,Extra Jabardasth', 49753, NULL, NULL, NULL, NULL, 1, 0, 0, '2019-03-01 13:31:07', 'PT9M35S', '2019-03-02 01:00:58', '2019-03-02 01:00:58'),
(2, '6vie623Np40', 1, 'UCm2Q5o3WbfDbgVnLZFF9wLA', 'Love in 143 Hours Web Series Trailer ( With Subtitles ) | 4k | CAPDT', 'Capdtwebseriesteaser #Webseries #capdtlatest Hello people here we are with the trailer of our first Web Series \"Love in 143 Hours\" Directed by Satish Reddy ...', '{\"default\":{\"url\":\"https:\\/\\/i.ytimg.com\\/vi\\/6vie623Np40\\/default.jpg\",\"width\":120,\"height\":90},\"medium\":{\"url\":\"https:\\/\\/i.ytimg.com\\/vi\\/6vie623Np40\\/mqdefault.jpg\",\"width\":320,\"height\":180},\"high\":{\"url\":\"https:\\/\\/i.ytimg.com\\/vi\\/6vie623Np40\\/hqdefault.jpg\",\"width\":480,\"height\":360}}', 'capdt,capdt latest,capdt facebook', 128429, NULL, NULL, NULL, NULL, 1, 0, 0, '2019-02-01 15:30:01', 'PT2M9S', '2019-03-02 01:00:59', '2019-03-02 01:00:59'),
(3, '3ttP573iQwk', 1, 'UCm2Q5o3WbfDbgVnLZFF9wLA', 'Love in 143 Hours Web Series Teaser | CAPDT', 'Capdtwebseriesteaser #Webseries #capdtlatest Hello people here we are with the teaser of our first Web Series \"Love in 143 Hours\" Directed by Satish Reddy ...', '{\"default\":{\"url\":\"https:\\/\\/i.ytimg.com\\/vi\\/3ttP573iQwk\\/default.jpg\",\"width\":120,\"height\":90},\"medium\":{\"url\":\"https:\\/\\/i.ytimg.com\\/vi\\/3ttP573iQwk\\/mqdefault.jpg\",\"width\":320,\"height\":180},\"high\":{\"url\":\"https:\\/\\/i.ytimg.com\\/vi\\/3ttP573iQwk\\/hqdefault.jpg\",\"width\":480,\"height\":360}}', 'web series,telugu web series,latest web series,latest telugu web series,capdt latest,latest telugu 2019,vaishnavi chaitanya,hey pilla,capdt facebook,capdt latest web series,`web series teaser', 65075, NULL, NULL, NULL, NULL, 1, 0, 0, '2019-01-28 12:30:00', 'PT53S', '2019-03-02 01:00:59', '2019-03-02 01:00:59'),
(4, '1FRQW72p-m0', 1, 'UCm2Q5o3WbfDbgVnLZFF9wLA', 'JL Jagannadham | CAPDT | 4K |', 'HERE IS OUR LATEST VIDEO \" JL JAGANNADHAM\" - ABOUT JL\'S IN INTER MEDIATE COLLEGE Cast : Gopi nath , Suman Singasani, Bhargav reddy , Karan ...', '{\"default\":{\"url\":\"https:\\/\\/i.ytimg.com\\/vi\\/1FRQW72p-m0\\/default.jpg\",\"width\":120,\"height\":90},\"medium\":{\"url\":\"https:\\/\\/i.ytimg.com\\/vi\\/1FRQW72p-m0\\/mqdefault.jpg\",\"width\":320,\"height\":180},\"high\":{\"url\":\"https:\\/\\/i.ytimg.com\\/vi\\/1FRQW72p-m0\\/hqdefault.jpg\",\"width\":480,\"height\":360}}', 'CAPDT,INTER COLLEGE,jl,hey pilla,mahatalli,dettadi,college,mashups,comedy videos,telugu movies,jabardasth videos,Telugu full movies new,aditya music,petta', 147955, NULL, NULL, NULL, NULL, 1, 0, 0, '2018-12-29 16:07:24', 'PT10M40S', '2019-03-02 01:00:59', '2019-03-02 01:00:59'),
(5, 'K_Bl7szLbXw', 1, 'UCm2Q5o3WbfDbgVnLZFF9wLA', 'ENDUKU KURCHOLEDU 4k Video Song | KVM Part 2 | CAPDT', 'Capdtshorts #Capdtlatest Here is the full video song of \"Enduku Kurcholedu\" Starring Raviteja Mahadasyam :https://www.instagram.com/ravi_teja_m... Gopinath ...', '{\"default\":{\"url\":\"https:\\/\\/i.ytimg.com\\/vi\\/K_Bl7szLbXw\\/default.jpg\",\"width\":120,\"height\":90},\"medium\":{\"url\":\"https:\\/\\/i.ytimg.com\\/vi\\/K_Bl7szLbXw\\/mqdefault.jpg\",\"width\":320,\"height\":180},\"high\":{\"url\":\"https:\\/\\/i.ytimg.com\\/vi\\/K_Bl7szLbXw\\/hqdefault.jpg\",\"width\":480,\"height\":360}}', 'latest telugu video songs,latest teligu shortfilms,telangana,anthariksham,vinaya vidheya rama,zero,padi padi leche manasu,dethadi,pakkinti kurradu,idream,capdt latest,capdt originals', 24304, NULL, NULL, NULL, NULL, 1, 0, 0, '2018-12-16 12:30:00', 'PT2M9S', '2019-03-02 01:01:00', '2019-03-02 01:01:00'),
(6, 'xaeNCWZfEdA', 1, 'UCm2Q5o3WbfDbgVnLZFF9wLA', 'KVM Part 2 | Enduku Kurcholedu |Telugu Short film | CAPDT |', 'Capdtshorts #Capdtvideos #Capdtlatest CAPDT Presents the much awaited shortfilm! \"Enduku Kurcholedu\" Directed by Satish Reddy Mallidi Starring Raviteja ...', '{\"default\":{\"url\":\"https:\\/\\/i.ytimg.com\\/vi\\/xaeNCWZfEdA\\/default.jpg\",\"width\":120,\"height\":90},\"medium\":{\"url\":\"https:\\/\\/i.ytimg.com\\/vi\\/xaeNCWZfEdA\\/mqdefault.jpg\",\"width\":320,\"height\":180},\"high\":{\"url\":\"https:\\/\\/i.ytimg.com\\/vi\\/xaeNCWZfEdA\\/hqdefault.jpg\",\"width\":480,\"height\":360}}', 'latest telugu,shortfilm,capdt,capdt latest,capdt shortfilm,idream media,latest telugu short film', 305600, NULL, NULL, NULL, NULL, 1, 0, 0, '2018-12-14 14:02:44', 'PT17M23S', '2019-03-02 01:01:00', '2019-03-02 01:01:00'),
(7, 'aikoQ5SWmj4', 1, 'UCm2Q5o3WbfDbgVnLZFF9wLA', 'ENDUKU KURCHOLEDU Lyrical Video | KVM Part 2 | CAPDT', 'Capdtshorts #Capdtvideos #Capdtlatest CAPDT Presents the much awaited shortfilm! \"Enduku Kurcholedu\" Directed by Satish Reddy Mallidi Written by Gopi ...', '{\"default\":{\"url\":\"https:\\/\\/i.ytimg.com\\/vi\\/aikoQ5SWmj4\\/default.jpg\",\"width\":120,\"height\":90},\"medium\":{\"url\":\"https:\\/\\/i.ytimg.com\\/vi\\/aikoQ5SWmj4\\/mqdefault.jpg\",\"width\":320,\"height\":180},\"high\":{\"url\":\"https:\\/\\/i.ytimg.com\\/vi\\/aikoQ5SWmj4\\/hqdefault.jpg\",\"width\":480,\"height\":360}}', 'Telugu songs,latest telugu songs,petta,vinaya vidheya rama', 42418, NULL, NULL, NULL, NULL, 1, 0, 0, '2018-12-13 15:52:00', 'PT2M6S', '2019-03-02 01:01:00', '2019-03-02 01:01:00'),
(8, '-VFCZgBrous', 1, 'UCm2Q5o3WbfDbgVnLZFF9wLA', 'Maate Vinadhuga | 4k | CAPDT', 'Capdt #capdtlatest #capdtshorts Here is our latest video \"Maate Vinadhuga\" Directed by Ravi Teja Mahadasyam. Starring Raviteja Mahadasyam ...', '{\"default\":{\"url\":\"https:\\/\\/i.ytimg.com\\/vi\\/-VFCZgBrous\\/default.jpg\",\"width\":120,\"height\":90},\"medium\":{\"url\":\"https:\\/\\/i.ytimg.com\\/vi\\/-VFCZgBrous\\/mqdefault.jpg\",\"width\":320,\"height\":180},\"high\":{\"url\":\"https:\\/\\/i.ytimg.com\\/vi\\/-VFCZgBrous\\/hqdefault.jpg\",\"width\":480,\"height\":360}}', 'capdt,capdt shorts,capdt latest,maate vinadhuga,idream,capdt facebook', 278202, NULL, NULL, NULL, NULL, 1, 0, 0, '2018-12-08 15:03:16', 'PT9M33S', '2019-03-02 01:01:00', '2019-03-02 01:01:00'),
(9, 'xfecX8ncClI', 1, 'UCm2Q5o3WbfDbgVnLZFF9wLA', 'Making of Pelli Choopulu 2.0 | 1 Million Special | CAPDT', 'Here is a small making video of our పెళ్లి చూపులు 2.0 Directed by Satish Reddy Mallidi Starring Ravi teja Mahadasyam & Nayani Pavani Along with Gopi ...', '{\"default\":{\"url\":\"https:\\/\\/i.ytimg.com\\/vi\\/xfecX8ncClI\\/default.jpg\",\"width\":120,\"height\":90},\"medium\":{\"url\":\"https:\\/\\/i.ytimg.com\\/vi\\/xfecX8ncClI\\/mqdefault.jpg\",\"width\":320,\"height\":180},\"high\":{\"url\":\"https:\\/\\/i.ytimg.com\\/vi\\/xfecX8ncClI\\/hqdefault.jpg\",\"width\":480,\"height\":360}}', 'pelli choopulu making video,pelli choopulu 2.0,capdt facebook,capdt latest,capdt videos,latest telugu 2018 videos,latest telugu shortfilms,telugu shortfilm 2018,telugu comedy videos,nayani pavani,idream media', 47115, NULL, NULL, NULL, NULL, 1, 0, 0, '2018-12-02 13:54:35', 'PT1M47S', '2019-03-02 01:01:01', '2019-03-02 01:01:01'),
(10, 'laAGQ2bQylE', 1, 'UCm2Q5o3WbfDbgVnLZFF9wLA', 'Kshanam Oka Yugame Independent Film 2018 | 2k | CAPDT', 'Capdtshorts #Capdtlatest #Capdt CAPDT Presents shortfilm \"Kshanam Oka Yugame\" Cast : Kumar Kasaram, Vaishnavi Chaitanya, Sanath Bhoopathi, Mounika, ...', '{\"default\":{\"url\":\"https:\\/\\/i.ytimg.com\\/vi\\/laAGQ2bQylE\\/default.jpg\",\"width\":120,\"height\":90},\"medium\":{\"url\":\"https:\\/\\/i.ytimg.com\\/vi\\/laAGQ2bQylE\\/mqdefault.jpg\",\"width\":320,\"height\":180},\"high\":{\"url\":\"https:\\/\\/i.ytimg.com\\/vi\\/laAGQ2bQylE\\/hqdefault.jpg\",\"width\":480,\"height\":360}}', 'capdt latest,capdt videos,latest telugu shortfilm,capdt shortfilm 2018,latest telugu,love short films,capdt facebook,capdt shorts,kumar kasaram', 832590, NULL, NULL, NULL, NULL, 1, 0, 0, '2018-11-30 12:41:14', 'PT49M11S', '2019-03-02 01:01:01', '2019-03-02 01:01:01'),
(11, 'UP2IzjzbTO0', 2, 'UCm2Q5o3WbfDbgVnLZFF9wLA', 'MERISE NAYANALE Video song | Kshanam Oka Yugame Short film | CAPDT', 'Capdtshorts #Capdtlatest #Capdt CAPDT Presents \"Merise Nayanale\" Video song from the shortfilm \"Kshanam Oka Yugame\" Cast : Kumar Kasaram, Vaishnavi ...', '{\"default\":{\"url\":\"https:\\/\\/i.ytimg.com\\/vi\\/UP2IzjzbTO0\\/default.jpg\",\"width\":120,\"height\":90},\"medium\":{\"url\":\"https:\\/\\/i.ytimg.com\\/vi\\/UP2IzjzbTO0\\/mqdefault.jpg\",\"width\":320,\"height\":180},\"high\":{\"url\":\"https:\\/\\/i.ytimg.com\\/vi\\/UP2IzjzbTO0\\/hqdefault.jpg\",\"width\":480,\"height\":360}}', '', 169774, NULL, NULL, NULL, NULL, 1, 0, 0, '2018-11-27 13:30:01', 'PT3M8S', '2019-03-02 01:01:01', '2019-03-02 01:01:01'),
(12, '9lksQgWhnsE', 2, 'UCm2Q5o3WbfDbgVnLZFF9wLA', 'Theatres lo Racha - Director&#39;s Special | 4k | CAPDT |', 'Capdtlatest #Telugudirectors #Capdtshorts \'Theaters lo Racha - Director\'s Special\' A funny take on what the audience in general gets from a director CAST Ravi ...', '{\"default\":{\"url\":\"https:\\/\\/i.ytimg.com\\/vi\\/9lksQgWhnsE\\/default.jpg\",\"width\":120,\"height\":90},\"medium\":{\"url\":\"https:\\/\\/i.ytimg.com\\/vi\\/9lksQgWhnsE\\/mqdefault.jpg\",\"width\":320,\"height\":180},\"high\":{\"url\":\"https:\\/\\/i.ytimg.com\\/vi\\/9lksQgWhnsE\\/hqdefault.jpg\",\"width\":480,\"height\":360}}', 'pakkinti kurradu,dethadi,mahathalli,wirally,girl formula,boy formula,chai bisket,tamada media,taiwala,vijaydevarakonda,2.O,zero,capdt facebook,idream media,latest telugu short film 2018', 246377, NULL, NULL, NULL, NULL, 1, 0, 0, '2018-11-25 10:46:08', 'PT7M24S', '2019-03-02 01:01:01', '2019-03-02 01:01:01'),
(13, 'W90GtxDCK7Y', 2, 'UCm2Q5o3WbfDbgVnLZFF9wLA', 'Athadu Aame Athma Telugu Short film 2018 | 4k | CAPDT', 'Capdtlatest #Capdtshorts #Teugushortfilm2018 Title: అతడు ఆమె ఆత్మ (Athadu Aame Athma) Genre: Comedy/Drama Runtime: 11mins 34secs CAST Pavan ...', '{\"default\":{\"url\":\"https:\\/\\/i.ytimg.com\\/vi\\/W90GtxDCK7Y\\/default.jpg\",\"width\":120,\"height\":90},\"medium\":{\"url\":\"https:\\/\\/i.ytimg.com\\/vi\\/W90GtxDCK7Y\\/mqdefault.jpg\",\"width\":320,\"height\":180},\"high\":{\"url\":\"https:\\/\\/i.ytimg.com\\/vi\\/W90GtxDCK7Y\\/hqdefault.jpg\",\"width\":480,\"height\":360}}', 'capdt,capdt latest,capdt facebook,capdt videos,pakkinti kurradu,mahathalli,dethadi,the viva,chai bisket,girl formula,boy formula,idream,wirally,tamada media,filter copy,bb ki vines,asish chanchalani,amit bhadana,beyoounick,thescreenpatti,tvf,girliyapa,taxiwala,amar akbar anthony', 186714, NULL, NULL, NULL, NULL, 1, 0, 0, '2018-11-16 12:30:01', 'PT12M49S', '2019-03-02 01:01:02', '2019-03-02 01:01:02'),
(14, 'cus_BmBvXYg', 2, 'UCm2Q5o3WbfDbgVnLZFF9wLA', 'Manam | With Subtitles | 4k | CAPDT |', 'capdt #diwali #marriage Manam (మనం) - Pavan Sidhu, Padmini settam, Veerabhadram & Sri kumari Manam is our latest video on the occation of diwali, .', '{\"default\":{\"url\":\"https:\\/\\/i.ytimg.com\\/vi\\/cus_BmBvXYg\\/default.jpg\",\"width\":120,\"height\":90},\"medium\":{\"url\":\"https:\\/\\/i.ytimg.com\\/vi\\/cus_BmBvXYg\\/mqdefault.jpg\",\"width\":320,\"height\":180},\"high\":{\"url\":\"https:\\/\\/i.ytimg.com\\/vi\\/cus_BmBvXYg\\/hqdefault.jpg\",\"width\":480,\"height\":360}}', 'intercast marriage,capdt,diwali,deepavali,diwali videos,capdt facebook,latest telugu shortfilms,telugu comedy shortfilms 2018,mahathalli,pakkinti kurradu,dethadi,chai bisket,girl formula,idream,the viva,capdt latest', 322287, NULL, NULL, NULL, NULL, 1, 0, 0, '2018-11-07 04:30:00', 'PT8M45S', '2019-03-02 01:01:02', '2019-03-02 01:01:02'),
(15, 'Dj3eYmj-OOs', 2, 'UCm2Q5o3WbfDbgVnLZFF9wLA', 'Enduku Kurcholedu? Teaser | KM Part 2 | 4k | CAPDT', 'Here is the teaser of Kalavaramaaye Madilo Part 2. Releasing soon.', '{\"default\":{\"url\":\"https:\\/\\/i.ytimg.com\\/vi\\/Dj3eYmj-OOs\\/default.jpg\",\"width\":120,\"height\":90},\"medium\":{\"url\":\"https:\\/\\/i.ytimg.com\\/vi\\/Dj3eYmj-OOs\\/mqdefault.jpg\",\"width\":320,\"height\":180},\"high\":{\"url\":\"https:\\/\\/i.ytimg.com\\/vi\\/Dj3eYmj-OOs\\/hqdefault.jpg\",\"width\":480,\"height\":360}}', 'capdt,capdt facebook,capdt youtube,idream,the viva,pakkinti kurradu,mahathalli,dethadi,chai bisket', 80394, NULL, NULL, NULL, NULL, 1, 0, 0, '2018-11-04 18:06:12', 'PT1M', '2019-03-02 01:01:02', '2019-03-02 01:01:02'),
(16, 'uwRSw4CA5iI', 2, 'UCm2Q5o3WbfDbgVnLZFF9wLA', 'Kalavaramaaye Madilo - KVM Part 1 (The Wrong Assumption) | 4k | CAPDT', 'Capdt #KalavaramaayeMadilo #capdtshortfilms Here is our latest short film \"Kalavaramaaye Madilo\" Starring Raviteja Mahadasyam ...', '{\"default\":{\"url\":\"https:\\/\\/i.ytimg.com\\/vi\\/uwRSw4CA5iI\\/default.jpg\",\"width\":120,\"height\":90},\"medium\":{\"url\":\"https:\\/\\/i.ytimg.com\\/vi\\/uwRSw4CA5iI\\/mqdefault.jpg\",\"width\":320,\"height\":180},\"high\":{\"url\":\"https:\\/\\/i.ytimg.com\\/vi\\/uwRSw4CA5iI\\/hqdefault.jpg\",\"width\":480,\"height\":360}}', 'idream,capdt,capdt facebook,pakkinti kurradu,chai bisket,girl formula,the viva,mahathalli,dethadi,The viva,2.O trailer,telugu latest shortfilm,capdt latest,telugu shortfilm 2018,Kalavaramaaye madilo,fasak,savyasachi,savyasachi review,Zero trailer', 244441, NULL, NULL, NULL, NULL, 1, 0, 0, '2018-11-03 14:14:44', 'PT14M21S', '2019-03-02 01:01:02', '2019-03-02 01:01:02'),
(17, '84z1jDKlmsI', 2, 'UCm2Q5o3WbfDbgVnLZFF9wLA', 'Kalavaramaaye Madilo Short film Teaser | 4k | CAPDT', 'Here is the teaser of our latest short film \"కలవరమాయే మదిలో\"', '{\"default\":{\"url\":\"https:\\/\\/i.ytimg.com\\/vi\\/84z1jDKlmsI\\/default.jpg\",\"width\":120,\"height\":90},\"medium\":{\"url\":\"https:\\/\\/i.ytimg.com\\/vi\\/84z1jDKlmsI\\/mqdefault.jpg\",\"width\":320,\"height\":180},\"high\":{\"url\":\"https:\\/\\/i.ytimg.com\\/vi\\/84z1jDKlmsI\\/hqdefault.jpg\",\"width\":480,\"height\":360}}', '', 54478, NULL, NULL, NULL, NULL, 1, 0, 0, '2018-11-02 16:15:47', 'PT49S', '2019-03-02 01:01:03', '2019-03-02 01:01:03'),
(18, 'OB1sRYCm9uE', 2, 'UCm2Q5o3WbfDbgVnLZFF9wLA', 'PUNUGULU Success meet | 4k | CAPDT', 'Here is our latest video \"పుణుగులు\" Success meet\" Written & Directed by Bhargav Reddy. Starring : Pavan Sidhu, Ravi Teja Mahadasyam, Varshitha, ...', '{\"default\":{\"url\":\"https:\\/\\/i.ytimg.com\\/vi\\/OB1sRYCm9uE\\/default.jpg\",\"width\":120,\"height\":90},\"medium\":{\"url\":\"https:\\/\\/i.ytimg.com\\/vi\\/OB1sRYCm9uE\\/mqdefault.jpg\",\"width\":320,\"height\":180},\"high\":{\"url\":\"https:\\/\\/i.ytimg.com\\/vi\\/OB1sRYCm9uE\\/hqdefault.jpg\",\"width\":480,\"height\":360}}', 'Pakkinti kurradu,capdt,capdt videos,capdt facebook,idream media,tamada media,wirally,mahathalli,dethadi,bumchik babloo', 125822, NULL, NULL, NULL, NULL, 1, 0, 0, '2018-10-20 13:30:54', 'PT10M44S', '2019-03-02 01:01:03', '2019-03-02 01:01:03'),
(19, 'ou-2OpLSdHA', 2, 'UCm2Q5o3WbfDbgVnLZFF9wLA', 'Sommokadidi sokokadidi | CAPDT', 'Here is our latest video \"సొమ్మొకడిది సోకొకడిది\" Directed by Sarat Ankit Nadiminti. Starring : Ravi teja Mahadasyam, Bhavani Raj ,Gopi Nath ...', '{\"default\":{\"url\":\"https:\\/\\/i.ytimg.com\\/vi\\/ou-2OpLSdHA\\/default.jpg\",\"width\":120,\"height\":90},\"medium\":{\"url\":\"https:\\/\\/i.ytimg.com\\/vi\\/ou-2OpLSdHA\\/mqdefault.jpg\",\"width\":320,\"height\":180},\"high\":{\"url\":\"https:\\/\\/i.ytimg.com\\/vi\\/ou-2OpLSdHA\\/hqdefault.jpg\",\"width\":480,\"height\":360}}', 'pakkinti kurradu,capdt,capdt facebook,dethadi,aravindasametha reddy ikkada soodu,reddy ikkada soodu promo,mahathalli,capdt videos', 152849, NULL, NULL, NULL, NULL, 1, 0, 0, '2018-10-09 13:30:01', 'PT8M17S', '2019-03-02 01:01:03', '2019-03-02 01:01:03'),
(20, 'ZPqJJpdgRRc', 2, 'UCm2Q5o3WbfDbgVnLZFF9wLA', 'HOW TO IMPRESS GIRLS 2 | 4K | CAPDT', 'Here is our latest video, Sequel of \"How to impress girls\" Directed by Satish Reddy Mallidi, Written by Bhargav Reddy & Sarat Ankit Nadiminti. Starring : Ravi teja ...', '{\"default\":{\"url\":\"https:\\/\\/i.ytimg.com\\/vi\\/ZPqJJpdgRRc\\/default.jpg\",\"width\":120,\"height\":90},\"medium\":{\"url\":\"https:\\/\\/i.ytimg.com\\/vi\\/ZPqJJpdgRRc\\/mqdefault.jpg\",\"width\":320,\"height\":180},\"high\":{\"url\":\"https:\\/\\/i.ytimg.com\\/vi\\/ZPqJJpdgRRc\\/hqdefault.jpg\",\"width\":480,\"height\":360}}', 'pakkinti kurradu,dethadi,bumchik babloo,mahathalli,the viv,chai bisket,girl formula,capdt,capdt facebook,idream media,aravindha sametha', 232639, NULL, NULL, NULL, NULL, 1, 0, 0, '2018-09-24 14:16:38', 'PT11M7S', '2019-03-02 01:01:04', '2019-03-02 01:01:04'),
(21, 'EsoLecBIyio', 3, 'UCm2Q5o3WbfDbgVnLZFF9wLA', 'BANG BANG | 4K | CAPDT', 'Here is our latest video \"BANG BANG\" Directed by Satish Reddy Mallidi. Starring : Ravi Teja Mahadasyam, Pavan Sidhu along with Varshita, Shravya, ...', '{\"default\":{\"url\":\"https:\\/\\/i.ytimg.com\\/vi\\/EsoLecBIyio\\/default.jpg\",\"width\":120,\"height\":90},\"medium\":{\"url\":\"https:\\/\\/i.ytimg.com\\/vi\\/EsoLecBIyio\\/mqdefault.jpg\",\"width\":320,\"height\":180},\"high\":{\"url\":\"https:\\/\\/i.ytimg.com\\/vi\\/EsoLecBIyio\\/hqdefault.jpg\",\"width\":480,\"height\":360}}', 'pakkinti kurradu,mahatalli,girlformula,chai bisket,aravinda sametha,NTR,fasak,capdt,telugu short film latest,telugu funny,short film telugu,capdt latest,capdt videos,comedy and punch dialogues Telugu,best of comedy', 223392, NULL, NULL, NULL, NULL, 1, 0, 0, '2018-09-15 12:30:00', 'PT8M45S', '2019-03-02 01:01:04', '2019-03-02 01:01:04'),
(22, '4HmohH0Nj6U', 3, 'UCm2Q5o3WbfDbgVnLZFF9wLA', 'Glimpse of BANG BANG | 4K | CAPDT', 'Here is a glimpse of our latest video \"BANG BANG\" which is releasing on 15th September 2018. Starring : Ravi Teja Mahadasyam, Pavan Sidhu.', '{\"default\":{\"url\":\"https:\\/\\/i.ytimg.com\\/vi\\/4HmohH0Nj6U\\/default.jpg\",\"width\":120,\"height\":90},\"medium\":{\"url\":\"https:\\/\\/i.ytimg.com\\/vi\\/4HmohH0Nj6U\\/mqdefault.jpg\",\"width\":320,\"height\":180},\"high\":{\"url\":\"https:\\/\\/i.ytimg.com\\/vi\\/4HmohH0Nj6U\\/hqdefault.jpg\",\"width\":480,\"height\":360}}', '', 33806, NULL, NULL, NULL, NULL, 1, 0, 0, '2018-09-14 15:34:15', 'PT1M5S', '2019-03-02 01:01:04', '2019-03-02 01:01:04'),
(23, 'V0Pj94fy0-c', 3, 'UCm2Q5o3WbfDbgVnLZFF9wLA', 'Cinema Chupistha Maava | 4K | CAPDT', 'Here is our latest video \"సినిమా చూపిస్త మావ\" Directed by Satish Reddy Mallidi.. Starring : Pavan Sidhu, Neelesh Ahankari, Gopi Nath, Suman, Haritha.', '{\"default\":{\"url\":\"https:\\/\\/i.ytimg.com\\/vi\\/V0Pj94fy0-c\\/default.jpg\",\"width\":120,\"height\":90},\"medium\":{\"url\":\"https:\\/\\/i.ytimg.com\\/vi\\/V0Pj94fy0-c\\/mqdefault.jpg\",\"width\":320,\"height\":180},\"high\":{\"url\":\"https:\\/\\/i.ytimg.com\\/vi\\/V0Pj94fy0-c\\/hqdefault.jpg\",\"width\":480,\"height\":360}}', 'capdt,capdt videos,capdt latest,dethadi,mahathalli,pakkinti kurradu,bumchik babloo,nota,vijay devarakonda', 142872, NULL, NULL, NULL, NULL, 1, 0, 0, '2018-09-07 12:34:06', 'PT8M34S', '2019-03-02 01:01:04', '2019-03-02 01:01:04'),
(24, 'n-olmdAZulQ', 3, 'UCm2Q5o3WbfDbgVnLZFF9wLA', 'NUVVU NENU FASAK | 4K | Ft. Santosh Shoban | CAPDT', 'Here is our latest video \"Nuvvu Nenu FASAKK\" Special appearence : Paper Boy fame Santosh Shoban Starring : Ravi teja Mahadasyam, Bhavani raj, ...', '{\"default\":{\"url\":\"https:\\/\\/i.ytimg.com\\/vi\\/n-olmdAZulQ\\/default.jpg\",\"width\":120,\"height\":90},\"medium\":{\"url\":\"https:\\/\\/i.ytimg.com\\/vi\\/n-olmdAZulQ\\/mqdefault.jpg\",\"width\":320,\"height\":180},\"high\":{\"url\":\"https:\\/\\/i.ytimg.com\\/vi\\/n-olmdAZulQ\\/hqdefault.jpg\",\"width\":480,\"height\":360}}', 'paper boy,latest telugu comedy,latest indian comedy videos,Fasaak,fasak,mohan babu fasak,telugu comedy videos', 247943, NULL, NULL, NULL, NULL, 1, 0, 0, '2018-08-30 15:36:40', 'PT7M40S', '2019-03-02 01:01:05', '2019-03-02 01:01:05'),
(25, 'ryz2v3-tyC4', 3, 'UCm2Q5o3WbfDbgVnLZFF9wLA', 'B/o Rakshasi | CAPDT', 'Wishing u all a Happy Rakshabandhan, presenting our latest video \"B/o Rakshasi\" Powered by \"U DICTIONARY\" Download here ...', '{\"default\":{\"url\":\"https:\\/\\/i.ytimg.com\\/vi\\/ryz2v3-tyC4\\/default.jpg\",\"width\":120,\"height\":90},\"medium\":{\"url\":\"https:\\/\\/i.ytimg.com\\/vi\\/ryz2v3-tyC4\\/mqdefault.jpg\",\"width\":320,\"height\":180},\"high\":{\"url\":\"https:\\/\\/i.ytimg.com\\/vi\\/ryz2v3-tyC4\\/hqdefault.jpg\",\"width\":480,\"height\":360}}', 'latest telugu,rakhi special,pakkinti kurradu,dethadi,girl formula,chai bisket,mahathalli,bumchik babloo,idream media,capdt,capdt facebook,rakshabandhan', 307976, NULL, NULL, NULL, NULL, 1, 0, 0, '2018-08-26 04:30:00', 'PT10M41S', '2019-03-02 01:01:05', '2019-03-02 01:01:05'),
(26, 'FcuH0V7goBY', 3, 'UCm2Q5o3WbfDbgVnLZFF9wLA', 'OKA RADHA IDDARU KRISHNULU | CAPDT |', 'Here is our new video \"Oka Radha iddari Krishnulu\" Directed by Satish Reddy Mallidi. Starring Ravi Teja Mahadasyam, Pavan Sidhu & Lahari Produced by ...', '{\"default\":{\"url\":\"https:\\/\\/i.ytimg.com\\/vi\\/FcuH0V7goBY\\/default.jpg\",\"width\":120,\"height\":90},\"medium\":{\"url\":\"https:\\/\\/i.ytimg.com\\/vi\\/FcuH0V7goBY\\/mqdefault.jpg\",\"width\":320,\"height\":180},\"high\":{\"url\":\"https:\\/\\/i.ytimg.com\\/vi\\/FcuH0V7goBY\\/hqdefault.jpg\",\"width\":480,\"height\":360}}', 'capdt facebook,capdt latest,capdt videos,idream media,the viva,chai bisket,wirally,dethadi,girl formula,latest telugu comedy,latest comedy videos', 181865, NULL, NULL, NULL, NULL, 1, 0, 0, '2018-08-15 16:28:38', 'PT15M6S', '2019-03-02 01:01:05', '2019-03-02 01:01:05'),
(27, '2WgBx323zgE', 3, 'UCm2Q5o3WbfDbgVnLZFF9wLA', 'Who Killed the Manager Ft. Adivi Sesh | Goodachari | CAPDT|', 'Here is our latest video Directed by Shreyas CM Starring : Ravi Teja, Pavan Sidhu,Bhargav Reddy, Gopi Nath, Neelesh Ahankari & Mownika Budha Produced ...', '{\"default\":{\"url\":\"https:\\/\\/i.ytimg.com\\/vi\\/2WgBx323zgE\\/default.jpg\",\"width\":120,\"height\":90},\"medium\":{\"url\":\"https:\\/\\/i.ytimg.com\\/vi\\/2WgBx323zgE\\/mqdefault.jpg\",\"width\":320,\"height\":180},\"high\":{\"url\":\"https:\\/\\/i.ytimg.com\\/vi\\/2WgBx323zgE\\/hqdefault.jpg\",\"width\":480,\"height\":360}}', 'goodachari,adivi sesh,goodachari movie,goodachari review,goodachari songs,latest capdt video,capdt,capdt videos,Goodachari movie review,Goodachari latest,Goodachari teaser,Goodachari video songs', 464075, NULL, NULL, NULL, NULL, 1, 0, 0, '2018-08-05 15:38:45', 'PT13M31S', '2019-03-02 01:01:05', '2019-03-02 01:01:05'),
(28, 'EkXSGzlN1Xc', 3, 'UCm2Q5o3WbfDbgVnLZFF9wLA', 'Meelo evaru ADMIN | 4K | CAPDT |', 'Our latest video \"Meelo evaru ADMIN\" Directed by Sarat Ankit Nadiminti & Gopi Nath. Written by Bhargav Writes, Gopi Nath & Ramana Kinjarapu Dubbing ...', '{\"default\":{\"url\":\"https:\\/\\/i.ytimg.com\\/vi\\/EkXSGzlN1Xc\\/default.jpg\",\"width\":120,\"height\":90},\"medium\":{\"url\":\"https:\\/\\/i.ytimg.com\\/vi\\/EkXSGzlN1Xc\\/mqdefault.jpg\",\"width\":320,\"height\":180},\"high\":{\"url\":\"https:\\/\\/i.ytimg.com\\/vi\\/EkXSGzlN1Xc\\/hqdefault.jpg\",\"width\":480,\"height\":360}}', 'capdt facebook,latest telugu shortfilms,telugu shortfilms 2018,mahathalli,dethadi,the viva,wirally,girl formula,chai bisket,pelli choopulu,capdt latest video', 217698, NULL, NULL, NULL, NULL, 1, 0, 0, '2018-07-24 12:30:01', 'PT11M50S', '2019-03-02 01:01:06', '2019-03-02 01:01:06'),
(29, 'gkysPaJdVuI', 3, 'UCm2Q5o3WbfDbgVnLZFF9wLA', 'PELLI CHOOPULU 2.0 | 4K  | CAPDT |', 'Our latest video \"పెళ్లి చూపులు 2.O\" Directed by Satish Reddy Mallidi, Starring Ravi Teja Mahadasyam & Nayani Pavani Produced by Sarat Ankit ...', '{\"default\":{\"url\":\"https:\\/\\/i.ytimg.com\\/vi\\/gkysPaJdVuI\\/default.jpg\",\"width\":120,\"height\":90},\"medium\":{\"url\":\"https:\\/\\/i.ytimg.com\\/vi\\/gkysPaJdVuI\\/mqdefault.jpg\",\"width\":320,\"height\":180},\"high\":{\"url\":\"https:\\/\\/i.ytimg.com\\/vi\\/gkysPaJdVuI\\/hqdefault.jpg\",\"width\":480,\"height\":360}}', 'nayani pavani,nayani pavani instagram,nayani pavani shortfilm,nayani pavani latest shortfilm,pelli choopulu,capdt facebook,capdt latest video', 1130083, NULL, NULL, NULL, NULL, 1, 0, 0, '2018-06-27 12:35:24', 'PT11M33S', '2019-03-02 01:01:06', '2019-03-02 01:01:06'),
(30, '83k4z6FrCUk', 3, 'UCm2Q5o3WbfDbgVnLZFF9wLA', 'PELLI CHOOPULU 2.O  Teaser | 4K | CAPDT |', 'Pelli choopulu 2.O latest shortfilm coming from CAPDT....Full video on 27.06.2018, 6pm, don\'t miss it!', '{\"default\":{\"url\":\"https:\\/\\/i.ytimg.com\\/vi\\/83k4z6FrCUk\\/default.jpg\",\"width\":120,\"height\":90},\"medium\":{\"url\":\"https:\\/\\/i.ytimg.com\\/vi\\/83k4z6FrCUk\\/mqdefault.jpg\",\"width\":320,\"height\":180},\"high\":{\"url\":\"https:\\/\\/i.ytimg.com\\/vi\\/83k4z6FrCUk\\/hqdefault.jpg\",\"width\":480,\"height\":360}}', 'nayani pavani,nayani pavani instagram', 79295, NULL, NULL, NULL, NULL, 1, 0, 0, '2018-06-24 15:29:49', 'PT1M6S', '2019-03-02 01:01:06', '2019-03-02 01:01:06'),
(31, '59daH3-_LIg', 4, 'UCm2Q5o3WbfDbgVnLZFF9wLA', 'LOVE AATA | CAPDT', 'Here is our latest video Love ఆట Directed by Satish Reddy Mallidi, Starring : Ravi Teja, Pavan Sidhu,Bhavani raj & Mownika Budha Produced by Sarat Ankit ...', '{\"default\":{\"url\":\"https:\\/\\/i.ytimg.com\\/vi\\/59daH3-_LIg\\/default.jpg\",\"width\":120,\"height\":90},\"medium\":{\"url\":\"https:\\/\\/i.ytimg.com\\/vi\\/59daH3-_LIg\\/mqdefault.jpg\",\"width\":320,\"height\":180},\"high\":{\"url\":\"https:\\/\\/i.ytimg.com\\/vi\\/59daH3-_LIg\\/hqdefault.jpg\",\"width\":480,\"height\":360}}', 'capdt,capdt facebook,capdt latest video,latest indian comedy video 2018,Telugu short films latest,telugu short film 2018,latest short films,short films telugu,short film telugu', 164910, NULL, NULL, NULL, NULL, 1, 0, 0, '2018-06-11 12:29:18', 'PT9M29S', '2019-03-02 01:01:06', '2019-03-02 01:01:06'),
(32, 'CwkrggqPAKo', 4, 'UCm2Q5o3WbfDbgVnLZFF9wLA', 'IPL Aipoindi | CAPDT |', 'Here is our new video \"IPL అయిపోయింది\" Starring Ravi Teja, Pavan Sidhu, Gopi Nath, Bhargav reddy & Mownika Budha! Written by Sarat Ankit, Gopi Nath, ...', '{\"default\":{\"url\":\"https:\\/\\/i.ytimg.com\\/vi\\/CwkrggqPAKo\\/default.jpg\",\"width\":120,\"height\":90},\"medium\":{\"url\":\"https:\\/\\/i.ytimg.com\\/vi\\/CwkrggqPAKo\\/mqdefault.jpg\",\"width\":320,\"height\":180},\"high\":{\"url\":\"https:\\/\\/i.ytimg.com\\/vi\\/CwkrggqPAKo\\/hqdefault.jpg\",\"width\":480,\"height\":360}}', '', 117003, NULL, NULL, NULL, NULL, 1, 0, 0, '2018-05-29 13:07:44', 'PT7M49S', '2019-03-02 01:01:06', '2019-03-02 01:01:06'),
(33, 'lcypt1L1lk8', 4, 'UCm2Q5o3WbfDbgVnLZFF9wLA', 'THE END | CAPDT |', 'Here is our new video! THE END Directed by Sarat Ankit Nadiminti Starring Pavan Sidhu & Bhavani Raj Asst. Directors - Ravi teja Mahadasyam & Bhargav ...', '{\"default\":{\"url\":\"https:\\/\\/i.ytimg.com\\/vi\\/lcypt1L1lk8\\/default.jpg\",\"width\":120,\"height\":90},\"medium\":{\"url\":\"https:\\/\\/i.ytimg.com\\/vi\\/lcypt1L1lk8\\/mqdefault.jpg\",\"width\":320,\"height\":180},\"high\":{\"url\":\"https:\\/\\/i.ytimg.com\\/vi\\/lcypt1L1lk8\\/hqdefault.jpg\",\"width\":480,\"height\":360}}', 'capdt,capdt facebook,idream media,chai bisket,girl formula,dethadi,wirally,mahathalli,pakkinti kurradu,latest comedy,indian comedy videos,be younick,asish chanchalani', 124176, NULL, NULL, NULL, NULL, 1, 0, 0, '2018-05-27 08:02:47', 'PT1M56S', '2019-03-02 01:01:07', '2019-03-02 01:01:07'),
(34, 'CL7LNzokn48', 4, 'UCm2Q5o3WbfDbgVnLZFF9wLA', 'BEERAKAI SUTTAM | Bharat Ane Nenu SPOOF | CAPDT |', 'Here is our 26th video \"బీరకాయ్ సుట్టం\" Directed by Satish Reddy Mallidi, Starring Ravi teja Mahadasyam along with Mrs. Shilpa & Family , Someswar ...', '{\"default\":{\"url\":\"https:\\/\\/i.ytimg.com\\/vi\\/CL7LNzokn48\\/default.jpg\",\"width\":120,\"height\":90},\"medium\":{\"url\":\"https:\\/\\/i.ytimg.com\\/vi\\/CL7LNzokn48\\/mqdefault.jpg\",\"width\":320,\"height\":180},\"high\":{\"url\":\"https:\\/\\/i.ytimg.com\\/vi\\/CL7LNzokn48\\/hqdefault.jpg\",\"width\":480,\"height\":360}}', 'capdt,capdt latest,capdt facebook,comedy video,bharat ane nenu,chai bisket,girlformula,pakkinti kurradu,mahathalli,dethadi,wirally,the viva,idream media', 157568, NULL, NULL, NULL, NULL, 1, 0, 0, '2018-05-24 14:39:24', 'PT5M29S', '2019-03-02 01:01:07', '2019-03-02 01:01:07'),
(35, 'te8YyVDvjLY', 4, 'UCm2Q5o3WbfDbgVnLZFF9wLA', 'Thank you అమ్మ  | Ft. Vj Sashi | CAPDT | Subtitled', 'Thank you Amma! Dedicated all the life bearers and our reason for existence! \"Thank you Amma\" Directed by Satish Reddy Mallidi, Starring : Ravi Teja ...', '{\"default\":{\"url\":\"https:\\/\\/i.ytimg.com\\/vi\\/te8YyVDvjLY\\/default.jpg\",\"width\":120,\"height\":90},\"medium\":{\"url\":\"https:\\/\\/i.ytimg.com\\/vi\\/te8YyVDvjLY\\/mqdefault.jpg\",\"width\":320,\"height\":180},\"high\":{\"url\":\"https:\\/\\/i.ytimg.com\\/vi\\/te8YyVDvjLY\\/hqdefault.jpg\",\"width\":480,\"height\":360}}', 'CAPDT,CAPDT Latest,CAPDT videos,mothers day,mothers day video,telugu short films latest,viva,chai bisket', 167852, NULL, NULL, NULL, NULL, 1, 0, 0, '2018-05-13 05:57:38', 'PT4M26S', '2019-03-02 01:01:07', '2019-03-02 01:01:07'),
(36, '9KMqru4UsUk', 4, 'UCm2Q5o3WbfDbgVnLZFF9wLA', 'WHAT! |CAPDT', 'Here is our 25th video \"WHAT!\" Directed by Satish Reddy Mallidi Starring Ravi teja Mahadasyam & Pavani Ash Written by Pradeep Reddy cinematography & DI ...', '{\"default\":{\"url\":\"https:\\/\\/i.ytimg.com\\/vi\\/9KMqru4UsUk\\/default.jpg\",\"width\":120,\"height\":90},\"medium\":{\"url\":\"https:\\/\\/i.ytimg.com\\/vi\\/9KMqru4UsUk\\/mqdefault.jpg\",\"width\":320,\"height\":180},\"high\":{\"url\":\"https:\\/\\/i.ytimg.com\\/vi\\/9KMqru4UsUk\\/hqdefault.jpg\",\"width\":480,\"height\":360}}', 'capdt videos,latest comedy videos,mahathalli,wirally,viva,chai biscuit,dtethadi,pakkinti kurradu,girl formula,telugu funny Videos,awe spoof', 143182, NULL, NULL, NULL, NULL, 1, 0, 0, '2018-05-06 12:32:18', 'PT4M18S', '2019-03-02 01:01:07', '2019-03-02 01:01:07'),
(37, 'U_X51QkSkRw', 4, 'UCm2Q5o3WbfDbgVnLZFF9wLA', 'BIKE RANI BOGESH | CAPDT', 'Here we are with our 24th video from the series CAPDT Shorts \"Bike Rani Bogesh\" Directed by Satish Reddy Mallidi Starring : Ravi Teja Mahadasyam, Pavani ...', '{\"default\":{\"url\":\"https:\\/\\/i.ytimg.com\\/vi\\/U_X51QkSkRw\\/default.jpg\",\"width\":120,\"height\":90},\"medium\":{\"url\":\"https:\\/\\/i.ytimg.com\\/vi\\/U_X51QkSkRw\\/mqdefault.jpg\",\"width\":320,\"height\":180},\"high\":{\"url\":\"https:\\/\\/i.ytimg.com\\/vi\\/U_X51QkSkRw\\/hqdefault.jpg\",\"width\":480,\"height\":360}}', 'capdt,capdt facebook,the viva,dethadi,wirally,mahathalli,chai bisket,latest indian comedy,telugu comedy videos 2018,girlformula,pavani ash shortfilms,pavani ash', 240508, NULL, NULL, NULL, NULL, 1, 0, 0, '2018-05-01 12:48:25', 'PT7M34S', '2019-03-02 01:01:08', '2019-03-02 01:01:08'),
(38, '66Q7b6GgQTw', 4, 'UCm2Q5o3WbfDbgVnLZFF9wLA', 'How I met your girlfriend | CAPDT | Subtitled', 'Here is our 23rd video from the series of CAPDT Shorts \"How I met your girlfriend\" Directed by Gopi Nath Starring : Ravi Teja Mahadasyam, Pavan Sidhu, ...', '{\"default\":{\"url\":\"https:\\/\\/i.ytimg.com\\/vi\\/66Q7b6GgQTw\\/default.jpg\",\"width\":120,\"height\":90},\"medium\":{\"url\":\"https:\\/\\/i.ytimg.com\\/vi\\/66Q7b6GgQTw\\/mqdefault.jpg\",\"width\":320,\"height\":180},\"high\":{\"url\":\"https:\\/\\/i.ytimg.com\\/vi\\/66Q7b6GgQTw\\/hqdefault.jpg\",\"width\":480,\"height\":360}}', 'capdt,capdt facebook,the viva,sri reddy,pawan kalyan,chai bisket,girl formula,idream media,latest indian comedy,latest 2018 video,latest best comedy indian comedy videos,mahathalli,dethadi,wirally,tamada media,frstrated telangana pilla', 136888, NULL, NULL, NULL, NULL, 1, 0, 0, '2018-04-25 13:21:33', 'PT3M57S', '2019-03-02 01:01:08', '2019-03-02 01:01:08'),
(39, '5ehx2irWy-M', 4, 'UCm2Q5o3WbfDbgVnLZFF9wLA', 'TRUE CRICKET LOVER | CAPDT', 'Here is our 22nd video from the series of CAPDT shorts \"TRUE CRICKET LOVER\" Directed by GOPI NATH , Starring Ravi Teja Mahadasyam, Pavan Sidhu ...', '{\"default\":{\"url\":\"https:\\/\\/i.ytimg.com\\/vi\\/5ehx2irWy-M\\/default.jpg\",\"width\":120,\"height\":90},\"medium\":{\"url\":\"https:\\/\\/i.ytimg.com\\/vi\\/5ehx2irWy-M\\/mqdefault.jpg\",\"width\":320,\"height\":180},\"high\":{\"url\":\"https:\\/\\/i.ytimg.com\\/vi\\/5ehx2irWy-M\\/hqdefault.jpg\",\"width\":480,\"height\":360}}', 'capdt,srh,sunrisers,ipl,ipl 2018,latest indian videos,latest comedy videos,the best comedy,chai bisket,sri reddy,girlformula,pawan kalyan press meet latest', 112277, NULL, NULL, NULL, NULL, 1, 0, 0, '2018-04-22 07:58:15', 'PT7M22S', '2019-03-02 01:01:08', '2019-03-02 01:01:08'),
(40, 'hnP8ZpN5klA', 4, 'UCm2Q5o3WbfDbgVnLZFF9wLA', 'MAHANATI | CAPDT', 'Here is our 21st video from the series CAPDT Shorts \"MAHANATI\" Starring Ravi Teja Mahadasyam, Pavan Sidhu, tarak Ram & Bhavani Raj Editing, Sound ...', '{\"default\":{\"url\":\"https:\\/\\/i.ytimg.com\\/vi\\/hnP8ZpN5klA\\/default.jpg\",\"width\":120,\"height\":90},\"medium\":{\"url\":\"https:\\/\\/i.ytimg.com\\/vi\\/hnP8ZpN5klA\\/mqdefault.jpg\",\"width\":320,\"height\":180},\"high\":{\"url\":\"https:\\/\\/i.ytimg.com\\/vi\\/hnP8ZpN5klA\\/hqdefault.jpg\",\"width\":480,\"height\":360}}', 'mahanati,keerthy suresh,samantha,mahanati movie,capdt,capdt facebook,the viva,chai bisket,idream media,latest comedy,indian comedy videos,2018 latest comedy videos', 262677, NULL, NULL, NULL, NULL, 1, 0, 0, '2018-04-15 06:32:18', 'PT6M26S', '2019-03-02 01:01:08', '2019-03-02 01:01:08'),
(41, 'xTezqsadm5U', 5, 'UCm2Q5o3WbfDbgVnLZFF9wLA', 'SHOPPING WITH GIRLS | With Subtitles | CAPDT', 'CAPDT20 Shopping with girls! Starring : Ravi Teja Mahadasyam, Pavan Siddhu, Mownika Budha & Jyothi meena Conceptualized, Produced & Directed by ...', '{\"default\":{\"url\":\"https:\\/\\/i.ytimg.com\\/vi\\/xTezqsadm5U\\/default.jpg\",\"width\":120,\"height\":90},\"medium\":{\"url\":\"https:\\/\\/i.ytimg.com\\/vi\\/xTezqsadm5U\\/mqdefault.jpg\",\"width\":320,\"height\":180},\"high\":{\"url\":\"https:\\/\\/i.ytimg.com\\/vi\\/xTezqsadm5U\\/hqdefault.jpg\",\"width\":480,\"height\":360}}', 'capdt,capdt videos,capdt latest,capdt facebook,latest indian comedy videos,the viva,chai bisket,idream media', 125451, NULL, NULL, NULL, NULL, 1, 0, 0, '2018-04-09 16:44:49', 'PT2M25S', '2019-03-02 01:01:09', '2019-03-02 01:01:09'),
(42, 'fdL4__6RtM4', 5, 'UCm2Q5o3WbfDbgVnLZFF9wLA', 'LOVE AT FIRST SIGHT | CAPDT |', 'Here is our 19th video from the series of CAPDT Shorts. Love at first sight.Starring Ravi Teja Mahadasyam, Tarak Ram, Bhavani Raj, Gopi Nath Directed ...', '{\"default\":{\"url\":\"https:\\/\\/i.ytimg.com\\/vi\\/fdL4__6RtM4\\/default.jpg\",\"width\":120,\"height\":90},\"medium\":{\"url\":\"https:\\/\\/i.ytimg.com\\/vi\\/fdL4__6RtM4\\/mqdefault.jpg\",\"width\":320,\"height\":180},\"high\":{\"url\":\"https:\\/\\/i.ytimg.com\\/vi\\/fdL4__6RtM4\\/hqdefault.jpg\",\"width\":480,\"height\":360}}', 'capdt latest,indias best comedy videos,latest 2018,2018 telugu comedy videos,the viva,rangasthalam,chai bisket,idream media,sri reddy,capdt facebook', 135084, NULL, NULL, NULL, NULL, 1, 0, 0, '2018-03-31 13:12:43', 'PT4M6S', '2019-03-02 01:01:09', '2019-03-02 01:01:09'),
(43, 'C42bWlkwlUI', 5, 'UCm2Q5o3WbfDbgVnLZFF9wLA', 'BEER THAGE NENU | CAPDT |', 'Disclaimer : No Copyright intended in this video. All rights belong to the rightful owner!! CAPDT Presents \"Beer thage nenu\" Starring Ravi Teja Mahadasyam ...', '{\"default\":{\"url\":\"https:\\/\\/i.ytimg.com\\/vi\\/C42bWlkwlUI\\/default.jpg\",\"width\":120,\"height\":90},\"medium\":{\"url\":\"https:\\/\\/i.ytimg.com\\/vi\\/C42bWlkwlUI\\/mqdefault.jpg\",\"width\":320,\"height\":180},\"high\":{\"url\":\"https:\\/\\/i.ytimg.com\\/vi\\/C42bWlkwlUI\\/hqdefault.jpg\",\"width\":480,\"height\":360}}', 'bharat ane nenu,mahesh babu,bharat ane nenu jukebox,bharat ane nenu title song,capdt,capdt facebook,capdt latest video,Vision of Bharat,bharat ane nenu songs,I don\'t know song,mahesh babu latest,farhan Akhtar,mahesh babu new song,vachaadayyo saami,lyrical song,BAN,BAN latest', 581384, NULL, NULL, NULL, NULL, 1, 0, 0, '2018-03-28 13:28:55', 'PT1M26S', '2019-03-02 01:01:09', '2019-03-02 01:01:09'),
(44, 'Nn990a2adYk', 5, 'UCm2Q5o3WbfDbgVnLZFF9wLA', 'BREAKING NEWS | CAPDT |', 'CAPDT Presents \"BREAKING NEWS\" Starring Tarak Ram, Ravi Teja Mahadasyam, Madhavi jyothi & Kiran Datti Written by Santosh Sarma Cinematography by ...', '{\"default\":{\"url\":\"https:\\/\\/i.ytimg.com\\/vi\\/Nn990a2adYk\\/default.jpg\",\"width\":120,\"height\":90},\"medium\":{\"url\":\"https:\\/\\/i.ytimg.com\\/vi\\/Nn990a2adYk\\/mqdefault.jpg\",\"width\":320,\"height\":180},\"high\":{\"url\":\"https:\\/\\/i.ytimg.com\\/vi\\/Nn990a2adYk\\/hqdefault.jpg\",\"width\":480,\"height\":360}}', 'capdt,capdt facebook,the viva,chai bisket,idream media,news reporters,tv 9,mahaa news,abn,telugu comedy,indian comedy videos,latest comedy 2018,best comedy videos 2018,telugu comedy 2018,latest indian comedy videos', 110547, NULL, NULL, NULL, NULL, 1, 0, 0, '2018-03-19 12:25:43', 'PT7M33S', '2019-03-02 01:01:10', '2019-03-02 01:01:10'),
(45, 'B8VsRNWtu6I', 5, 'UCm2Q5o3WbfDbgVnLZFF9wLA', 'KRISHNA GAADI ADDA | Ft. Nikhil Siddhartha | KIRRAK PARTY | CAPDT |', 'CAPDT Presents \"KRISHNA GAADI ADDA\" Featuring Nikhil Siddharth Starring : Ravi Teja Mahadasyam, Madhur Rawat, Shreyas CM, SAI CHANDRAHAS, ...', '{\"default\":{\"url\":\"https:\\/\\/i.ytimg.com\\/vi\\/B8VsRNWtu6I\\/default.jpg\",\"width\":120,\"height\":90},\"medium\":{\"url\":\"https:\\/\\/i.ytimg.com\\/vi\\/B8VsRNWtu6I\\/mqdefault.jpg\",\"width\":320,\"height\":180},\"high\":{\"url\":\"https:\\/\\/i.ytimg.com\\/vi\\/B8VsRNWtu6I\\/hqdefault.jpg\",\"width\":480,\"height\":360}}', 'Kirrak party,Nikhil siddharth,actor nikhil,capdt,satish reddy film,chai bisket,viva,idream media,samyuktha hegde,kirrak party movie,satish reddy shortfilm', 128476, NULL, NULL, NULL, NULL, 1, 0, 0, '2018-03-16 12:58:03', 'PT5M19S', '2019-03-02 01:01:10', '2019-03-02 01:01:10'),
(46, 'yGwt1ARvYPk', 5, 'UCm2Q5o3WbfDbgVnLZFF9wLA', 'RAKTHA SAMBANDHAM | CAPDT |', 'CAPDT Presents \"Raktha Sambandham\" Starring Ravi Teja Mahadasyam, Gopi Nath, Neelesh Ahankari & Tarak Ram. Directed & Edited by Satish Reddy ...', '{\"default\":{\"url\":\"https:\\/\\/i.ytimg.com\\/vi\\/yGwt1ARvYPk\\/default.jpg\",\"width\":120,\"height\":90},\"medium\":{\"url\":\"https:\\/\\/i.ytimg.com\\/vi\\/yGwt1ARvYPk\\/mqdefault.jpg\",\"width\":320,\"height\":180},\"high\":{\"url\":\"https:\\/\\/i.ytimg.com\\/vi\\/yGwt1ARvYPk\\/hqdefault.jpg\",\"width\":480,\"height\":360}}', 'capdt,capdt latest,capdt shortfilms,telugu shortfilms 2018,telugu funny,latest comedy telugu,the viva,chai bisket,idream media,latest indian comedy,raktha sambandham,capdt facebook', 105941, NULL, NULL, NULL, NULL, 1, 0, 0, '2018-03-04 13:45:28', 'PT5M1S', '2019-03-02 01:01:10', '2019-03-02 01:01:10'),
(47, 'HBiwYIxJiaU', 5, 'UCm2Q5o3WbfDbgVnLZFF9wLA', 'THE GIFT | CAPDT |', 'CAPDT16 - THE GIFT Starring : Ravi Teja Mahadasyam, Bhavani Raj, Sakshi, Gopi Nath & Kiran. Directed & Edited by SATISH REDDY MALLIDI ...', '{\"default\":{\"url\":\"https:\\/\\/i.ytimg.com\\/vi\\/HBiwYIxJiaU\\/default.jpg\",\"width\":120,\"height\":90},\"medium\":{\"url\":\"https:\\/\\/i.ytimg.com\\/vi\\/HBiwYIxJiaU\\/mqdefault.jpg\",\"width\":320,\"height\":180},\"high\":{\"url\":\"https:\\/\\/i.ytimg.com\\/vi\\/HBiwYIxJiaU\\/hqdefault.jpg\",\"width\":480,\"height\":360}}', 'capdt latest,capdt facebook,chai bisket,the viva,idream media,latest telugu,latest telugu comedy videos,indian comedy videos,latest 2018 comedy videos,latest telugu 2018 comedy videos,capdt fb,capdt channel,capdt telugu,beyounick,asish chanchalani,bb ki vines,satish reddy mallidi,Telugu short films latest,CAPDT videos', 241075, NULL, NULL, NULL, NULL, 1, 0, 0, '2018-02-25 11:56:06', 'PT6M22S', '2019-03-02 01:01:11', '2019-03-02 01:01:11'),
(48, '9NPNJ6zxUes', 5, 'UCm2Q5o3WbfDbgVnLZFF9wLA', 'Prema Chadarangam | CAPDT |', 'A Special video \"PREMA CHADARANGAM\" on this Valentine\'s day from our CAPDT Shorts Series! Now it\'s easy to connect team CAPDT! Director/Editor ...', '{\"default\":{\"url\":\"https:\\/\\/i.ytimg.com\\/vi\\/9NPNJ6zxUes\\/default.jpg\",\"width\":120,\"height\":90},\"medium\":{\"url\":\"https:\\/\\/i.ytimg.com\\/vi\\/9NPNJ6zxUes\\/mqdefault.jpg\",\"width\":320,\"height\":180},\"high\":{\"url\":\"https:\\/\\/i.ytimg.com\\/vi\\/9NPNJ6zxUes\\/hqdefault.jpg\",\"width\":480,\"height\":360}}', 'capdt latest,capdt facebook,the viva,chai bisket,idream media,latest telugu comedy videos,satish reddy mallidi,satish reddy short films,indian comedy videos,Telugu short films latest,telugu short films 2018,telugu funny videos,capdt telugu,capdt fb,capdt channel', 196643, NULL, NULL, NULL, NULL, 1, 0, 0, '2018-02-14 11:00:33', 'PT7M27S', '2019-03-02 01:01:11', '2019-03-02 01:01:11'),
(49, 'Q7k2DTj8rks', 5, 'UCm2Q5o3WbfDbgVnLZFF9wLA', 'I LOVE YOU RESHMA | CAPDT |', 'CAPDT Presents \"I LOVE YOU RESHMA\" Starring Ravi Teja, Rakesh kumar, Gopi Nath, Shiva, Arun & Priyanka Conceptualized by Sarat Ankit Nadiminti ...', '{\"default\":{\"url\":\"https:\\/\\/i.ytimg.com\\/vi\\/Q7k2DTj8rks\\/default.jpg\",\"width\":120,\"height\":90},\"medium\":{\"url\":\"https:\\/\\/i.ytimg.com\\/vi\\/Q7k2DTj8rks\\/mqdefault.jpg\",\"width\":320,\"height\":180},\"high\":{\"url\":\"https:\\/\\/i.ytimg.com\\/vi\\/Q7k2DTj8rks\\/hqdefault.jpg\",\"width\":480,\"height\":360}}', 'capdt videos,capdt latest,comedy videos 2018,latest comedy,the viva,chai bisket,idream media,capdt,capdt facebook,indian shortfilm,short comedy videos,capdtlatestvideos,satish reddy mallidi,satish reddy shortfilms', 135226, NULL, NULL, NULL, NULL, 1, 0, 0, '2018-01-13 12:26:28', 'PT3M51S', '2019-03-02 01:01:11', '2019-03-02 01:01:11'),
(50, 'ThIchpOtzmo', 5, 'UCm2Q5o3WbfDbgVnLZFF9wLA', 'Best Birthday Surprise | CAPDT | With English Subtitles', 'Here is our latest video \"Best Birthday Surprise\" Starring Gopi Nath, Ravi Teja Mahadasyam, Rakesh Kumar Narlapuram, Soumya, Hemanth, Vast Felo, Arun ...', '{\"default\":{\"url\":\"https:\\/\\/i.ytimg.com\\/vi\\/ThIchpOtzmo\\/default.jpg\",\"width\":120,\"height\":90},\"medium\":{\"url\":\"https:\\/\\/i.ytimg.com\\/vi\\/ThIchpOtzmo\\/mqdefault.jpg\",\"width\":320,\"height\":180},\"high\":{\"url\":\"https:\\/\\/i.ytimg.com\\/vi\\/ThIchpOtzmo\\/hqdefault.jpg\",\"width\":480,\"height\":360}}', 'capdt videos,capdt latest,comedy videos 2018,latest comedy,capdt,capdtlatestvideo,telugu shortfilm 2018,telugu latest,the viva,chai bisket,idream,telugu shortfilm,capdt fb,short comedy videos,indian short films,satish reddy mallidi,satish reddy shortfilms', 98804, NULL, NULL, NULL, NULL, 1, 0, 0, '2018-01-06 11:31:44', 'PT4M13S', '2019-03-02 01:01:11', '2019-03-02 01:01:11'),
(51, 'd_eGy7N_EdU', 6, 'UCm2Q5o3WbfDbgVnLZFF9wLA', 'Yedupu Raja - THAT FRIEND WHO ALWAYS CRIES ON OTHERS | CAPDT |', 'Here is our new video \"Yedupu Raja\" Starring Ravi Teja Mahadasyam, Rakesh Kumar Narlapuram Written by Sarat Ankit Nadiminti Voice Over by Gopi Nath ...', '{\"default\":{\"url\":\"https:\\/\\/i.ytimg.com\\/vi\\/d_eGy7N_EdU\\/default.jpg\",\"width\":120,\"height\":90},\"medium\":{\"url\":\"https:\\/\\/i.ytimg.com\\/vi\\/d_eGy7N_EdU\\/mqdefault.jpg\",\"width\":320,\"height\":180},\"high\":{\"url\":\"https:\\/\\/i.ytimg.com\\/vi\\/d_eGy7N_EdU\\/hqdefault.jpg\",\"width\":480,\"height\":360}}', 'capdt videos,capdt latest,comedy videos 2017,latest comedy,CAPDT,capdtlatestvideo,telugu shortfilm 2017,telugu latest,the viva,chai bisket,idream,telugu shortfilm,capdt fb,short comedy videos,indian short film,satish reddy mallidi,satish reddy short films', 116686, NULL, NULL, NULL, NULL, 1, 0, 0, '2017-12-30 12:42:40', 'PT4M32S', '2019-03-02 01:01:12', '2019-03-02 01:01:12'),
(52, 'h7Jzrcq9mfs', 6, 'UCm2Q5o3WbfDbgVnLZFF9wLA', 'The Perfect Husband (Bru Ad spoof) | CAPDT | With Subtitles |', 'Starring : Ravi Teja Mahadasyam Produced by : Sarat Ankit Nadiminti & CAPDT Directed & Edited By : Satish Reddy Mallidi Cinematography : Lakshit ...', '{\"default\":{\"url\":\"https:\\/\\/i.ytimg.com\\/vi\\/h7Jzrcq9mfs\\/default.jpg\",\"width\":120,\"height\":90},\"medium\":{\"url\":\"https:\\/\\/i.ytimg.com\\/vi\\/h7Jzrcq9mfs\\/mqdefault.jpg\",\"width\":320,\"height\":180},\"high\":{\"url\":\"https:\\/\\/i.ytimg.com\\/vi\\/h7Jzrcq9mfs\\/hqdefault.jpg\",\"width\":480,\"height\":360}}', 'capdtvideos,capdt latest,comedy videos 2017,latest comedy,CAPDT,capdtlatestvideo,capdt,Telugu funny,telugu short film 2017,Telugu latest comedy,the viva,chai bisket,idream,telugu short films,Bru ad,CAPDT FB,Short comedy videos,Indian short films,satish reddy mallidi,satish reddy shortfilms', 185050, NULL, NULL, NULL, NULL, 1, 0, 0, '2017-12-23 12:00:57', 'PT2M31S', '2019-03-02 01:01:12', '2019-03-02 01:01:12'),
(53, 'b1kKiRnvUtE', 6, 'UCm2Q5o3WbfDbgVnLZFF9wLA', 'How to Impress Girls | CAPDT | With Subtitles |', 'Starring : Ravi Teja Mahadasyam, Bhavani Raj, Gopi Nath and Rakesh Kumar Narlapuram Produced and Conceptualized by : Sarat Ankit Nadiminti Directed ...', '{\"default\":{\"url\":\"https:\\/\\/i.ytimg.com\\/vi\\/b1kKiRnvUtE\\/default.jpg\",\"width\":120,\"height\":90},\"medium\":{\"url\":\"https:\\/\\/i.ytimg.com\\/vi\\/b1kKiRnvUtE\\/mqdefault.jpg\",\"width\":320,\"height\":180},\"high\":{\"url\":\"https:\\/\\/i.ytimg.com\\/vi\\/b1kKiRnvUtE\\/hqdefault.jpg\",\"width\":480,\"height\":360}}', 'CAPDT latest,CAPDT new video,CAPDT funny,capdt youtube,telugu latest short film,Telugu short films 2017,Telugu funny,CAPDT FB,Telugu comedy videos,Telugu Funny,Latest comedy telugu,satish reddy mallidi,satish reddy shortfilms', 216892, NULL, NULL, NULL, NULL, 1, 0, 0, '2017-12-16 16:04:55', 'PT4M36S', '2019-03-02 01:01:12', '2019-03-02 01:01:12'),
(54, 'dddHafKxcNg', 6, 'UCm2Q5o3WbfDbgVnLZFF9wLA', 'How to win a Race | CAPDT |', 'Starring : Ravi Teja Mahadasyam, Akhil Reddy, Gopi Nath, Rakesh Kumar Narlapuram, Suraj, Arun Conceptualized by : Gopi Nath Produced by : Sarat Ankit ...', '{\"default\":{\"url\":\"https:\\/\\/i.ytimg.com\\/vi\\/dddHafKxcNg\\/default.jpg\",\"width\":120,\"height\":90},\"medium\":{\"url\":\"https:\\/\\/i.ytimg.com\\/vi\\/dddHafKxcNg\\/mqdefault.jpg\",\"width\":320,\"height\":180},\"high\":{\"url\":\"https:\\/\\/i.ytimg.com\\/vi\\/dddHafKxcNg\\/hqdefault.jpg\",\"width\":480,\"height\":360}}', 'CAPDT,CAPDT latest,Telugu Funny,Telugu comedy videos,Telugu latest short film,telugu funny film,Telugu short film 2017,Comedy and punch dialogues Telugu,satish reddy shortfilms,satish reddy mallidi', 118186, NULL, NULL, NULL, NULL, 1, 0, 0, '2017-12-09 13:03:43', 'PT3M13S', '2019-03-02 01:01:12', '2019-03-02 01:01:12'),
(55, 'Sr8ChqJfW-U', 6, 'UCm2Q5o3WbfDbgVnLZFF9wLA', 'The Screenshot | CAPDT |', 'Starring : Ravi Teja Mahadasyam, Bhavani Raj, Gopi Nath and Taraka ram Conceptualized by : Gopi Nath Produced by : Sarat Ankit Nadiminti Directed & Edited ...', '{\"default\":{\"url\":\"https:\\/\\/i.ytimg.com\\/vi\\/Sr8ChqJfW-U\\/default.jpg\",\"width\":120,\"height\":90},\"medium\":{\"url\":\"https:\\/\\/i.ytimg.com\\/vi\\/Sr8ChqJfW-U\\/mqdefault.jpg\",\"width\":320,\"height\":180},\"high\":{\"url\":\"https:\\/\\/i.ytimg.com\\/vi\\/Sr8ChqJfW-U\\/hqdefault.jpg\",\"width\":480,\"height\":360}}', 'telugu funny videos,Telugu Latest,Telugu Short film 2017,CAPDT latest,CAPDT Youtube,CAPDT funny,Telugu Comedy,Comedy Videos,Comedy SHort films,Latest Telugu comedy,satish reddy mallidi,satish reddy shortfilms', 267113, NULL, NULL, NULL, NULL, 1, 0, 0, '2017-12-02 16:02:41', 'PT3M43S', '2019-03-02 01:01:13', '2019-03-02 01:01:13'),
(56, 'tKdpZqPzISU', 6, 'UCm2Q5o3WbfDbgVnLZFF9wLA', 'Once upon a time in B.Tech | CAPDT |', 'Our Latest Video Starring : Ravi Teja Mahadasyam, Rakesh kumar Narlapuram, Taraka Ram, Snehith Produced and Conceptualized by : Sarat Ankit Nadiminti ...', '{\"default\":{\"url\":\"https:\\/\\/i.ytimg.com\\/vi\\/tKdpZqPzISU\\/default.jpg\",\"width\":120,\"height\":90},\"medium\":{\"url\":\"https:\\/\\/i.ytimg.com\\/vi\\/tKdpZqPzISU\\/mqdefault.jpg\",\"width\":320,\"height\":180},\"high\":{\"url\":\"https:\\/\\/i.ytimg.com\\/vi\\/tKdpZqPzISU\\/hqdefault.jpg\",\"width\":480,\"height\":360}}', 'CAPDT,CAPDT videos,Telugu funny videos,Telugu latest videos,Telugu latest short films,best telugu funny,telugu short,Comedy and Punch Dialogues Telugu,CAPDT latest,satish reddy mallidi,satish reddy shortfilms', 141437, NULL, NULL, NULL, NULL, 1, 0, 0, '2017-11-25 12:39:17', 'PT3M47S', '2019-03-02 01:01:13', '2019-03-02 01:01:13'),
(57, 'Otwj24ZVHGw', 6, 'UCm2Q5o3WbfDbgVnLZFF9wLA', 'The Ride | CAPDT |', 'Starring : Ravi Teja Mahadasyam, Bhavani Raj and Gopi Nath Produced and Conceptualized by : Sarat Ankit Nadiminti Directed & Edited By : Satish Reddy ...', '{\"default\":{\"url\":\"https:\\/\\/i.ytimg.com\\/vi\\/Otwj24ZVHGw\\/default.jpg\",\"width\":120,\"height\":90},\"medium\":{\"url\":\"https:\\/\\/i.ytimg.com\\/vi\\/Otwj24ZVHGw\\/mqdefault.jpg\",\"width\":320,\"height\":180},\"high\":{\"url\":\"https:\\/\\/i.ytimg.com\\/vi\\/Otwj24ZVHGw\\/hqdefault.jpg\",\"width\":480,\"height\":360}}', 'satish reddy mallidi film,satish reddy shortfilms,capdt videos,capdt funny,capdt latest,capdt youtube channel', 206886, NULL, NULL, NULL, NULL, 1, 0, 0, '2017-11-18 12:51:52', 'PT2M29S', '2019-03-02 01:01:13', '2019-03-02 01:01:13');
INSERT INTO `videos` (`yt_vid`, `yt_video_id`, `yt_webseries_id`, `yt_channel_id`, `yt_title`, `yt_description`, `yt_thumbnails`, `yt_tags`, `yt_viewCount`, `yt_likeCount`, `yt_dislikeCount`, `yt_favoriteCount`, `yt_commentCount`, `yt_status`, `yt_live_update_status`, `yt_trending`, `yt_time_uploaded`, `yt_video_duration`, `created_at`, `updated_at`) VALUES
(58, 'Myl5TGa3Olk', 6, 'UCm2Q5o3WbfDbgVnLZFF9wLA', 'Facebook Tagging Kastalu | CAPDT |', 'Watch FACEBOOK TAGGING KASTALU By CAPDT. Starring : Ravi Teja Mahadasyam Bhavani Raj Produced by : Sarat Ankit Nadiminti Conceptualized by ...', '{\"default\":{\"url\":\"https:\\/\\/i.ytimg.com\\/vi\\/Myl5TGa3Olk\\/default.jpg\",\"width\":120,\"height\":90},\"medium\":{\"url\":\"https:\\/\\/i.ytimg.com\\/vi\\/Myl5TGa3Olk\\/mqdefault.jpg\",\"width\":320,\"height\":180},\"high\":{\"url\":\"https:\\/\\/i.ytimg.com\\/vi\\/Myl5TGa3Olk\\/hqdefault.jpg\",\"width\":480,\"height\":360}}', 'Capdt,CAPDT Videos,CAPDT funny videos,Telugu short film,telugu funny,funny videos,telugu comedy,latest telugu short film,latest comedy telugu,comedy and punch dialogues telugu,capdt youtube,satish reddy shortfilms,satish reddy mallidi film', 164866, NULL, NULL, NULL, NULL, 1, 0, 0, '2017-11-11 16:10:31', 'PT3M24S', '2019-03-02 01:01:13', '2019-03-02 01:01:13'),
(59, '27eZ-hshPWc', 6, 'UCm2Q5o3WbfDbgVnLZFF9wLA', 'The Spot | CAPDT |', 'Watch THE SPOT By CAPDT. Starring : Ravi Teja Mahadasyam & Bhavani Raj Produced by : Sarat Ankit Nadiminti Directed & Edited By : Satish Reddy Mallidi ...', '{\"default\":{\"url\":\"https:\\/\\/i.ytimg.com\\/vi\\/27eZ-hshPWc\\/default.jpg\",\"width\":120,\"height\":90},\"medium\":{\"url\":\"https:\\/\\/i.ytimg.com\\/vi\\/27eZ-hshPWc\\/mqdefault.jpg\",\"width\":320,\"height\":180},\"high\":{\"url\":\"https:\\/\\/i.ytimg.com\\/vi\\/27eZ-hshPWc\\/hqdefault.jpg\",\"width\":480,\"height\":360}}', 'THE SPOT,CAPDT,CAPDT VIDEOS,CAPDT youtube,CAPDT youtube channel,CAPDT youtube videos,capdt funny,CAPDT comedy,comedy videos,funny videos,CAPDT funny videos,CAPDT comedy videos,capdt telugu videos,capdt youtube channel,capdt comedy,Comedy and Punch Dialogues telugu,Comedy and Punch Dialogues,telugu funny videos,telugu comedy scenes,telugu comedy,telugu short films,best comedy scenes,satish reddy shortfilms,satish reddy mallidi film', 142524, NULL, NULL, NULL, NULL, 1, 0, 0, '2017-11-04 15:18:10', 'PT1M38S', '2019-03-02 01:01:14', '2019-03-02 01:01:14'),
(60, 'BJRJwEFBQ-k', 6, 'UC9oYsyIZ_hziMNc7cqCvF2w', 'Breakup Ki Permission Part-2 | Godavari Express | CAPDT | 4K', 'Godavariexpress #Capdt #Capdtlatest Here is our latest video \"Breakup ki permission Part-2\"Directed by \'Sarat Ankit Nadiminti & RaviTeja Mahadasyam\' CAST ...', '{\"default\":{\"url\":\"https:\\/\\/i.ytimg.com\\/vi\\/BJRJwEFBQ-k\\/default.jpg\",\"width\":120,\"height\":90},\"medium\":{\"url\":\"https:\\/\\/i.ytimg.com\\/vi\\/BJRJwEFBQ-k\\/mqdefault.jpg\",\"width\":320,\"height\":180},\"high\":{\"url\":\"https:\\/\\/i.ytimg.com\\/vi\\/BJRJwEFBQ-k\\/hqdefault.jpg\",\"width\":480,\"height\":360}}', 'CAPDT,#Godavariexpress,#Capdt,#Capdtlatest,Comedy Videos,Trending Videos,Trending,Telugu Funny Videos,Funny Videos,Jabardasth Videos,Jabardasth Latest Videos,Dhee Jodi Latest Episode,Dhee Latest Episode,VIVA,rowdy baby,tv9,latest telugu comedy,best comedy videos', 138340, NULL, NULL, NULL, NULL, 1, 0, 0, '2019-02-19 13:30:00', 'PT12M2S', '2019-03-02 01:01:17', '2019-03-02 01:01:17'),
(61, 'BKDdNZgmlPc', 1, 'UC9oYsyIZ_hziMNc7cqCvF2w', 'A Silent Love Story | Godavari Express | CAPDT | Micro Film', 'CAPDT #Godavari_Express #Latest_Video Here is our latest video \" A Silent Love Story \" #Re_uploaded Follow us on: Facebook ...', '{\"default\":{\"url\":\"https:\\/\\/i.ytimg.com\\/vi\\/BKDdNZgmlPc\\/default.jpg\",\"width\":120,\"height\":90},\"medium\":{\"url\":\"https:\\/\\/i.ytimg.com\\/vi\\/BKDdNZgmlPc\\/mqdefault.jpg\",\"width\":320,\"height\":180},\"high\":{\"url\":\"https:\\/\\/i.ytimg.com\\/vi\\/BKDdNZgmlPc\\/hqdefault.jpg\",\"width\":480,\"height\":360}}', 'CAPDT,Love Story,bajrang dal,bajrang dal lynch,valentine\'s day,lovers,relationships,love,valentines day couple kastalu,Moong dal,couples,Falaknuma Das,Lakshmi\'s NTR,Majili,Jersey,KGF,gayapadda simham,hug day,kiss day,propose day,valentine\'s week,Feb 14,RSS,ABVP,BJP,Narendra Modi', 58017, NULL, NULL, NULL, NULL, 1, 0, 0, '2019-02-14 13:30:31', 'PT1M32S', '2019-03-02 01:01:18', '2019-03-02 01:01:18'),
(62, 'zX6Rd1be1QA', 1, 'UC9oYsyIZ_hziMNc7cqCvF2w', 'Breakup ki Permission PART 1 | Godavari Express | CAPDT', 'Godavariexpress #Capdt #Capdtlatest Here is our latest video \"Breakup ki permission\" Directed by \'RaviTeja Mahadasyam\' CAST Gopinath Adimulam Reshma ...', '{\"default\":{\"url\":\"https:\\/\\/i.ytimg.com\\/vi\\/zX6Rd1be1QA\\/default.jpg\",\"width\":120,\"height\":90},\"medium\":{\"url\":\"https:\\/\\/i.ytimg.com\\/vi\\/zX6Rd1be1QA\\/mqdefault.jpg\",\"width\":320,\"height\":180},\"high\":{\"url\":\"https:\\/\\/i.ytimg.com\\/vi\\/zX6Rd1be1QA\\/hqdefault.jpg\",\"width\":480,\"height\":360}}', 'CAPDT,Comedy Videos,funny videos,Aditya music,trending videos,trending,jabardasth,tv9,dhee jodi,telugu videos', 156389, NULL, NULL, NULL, NULL, 1, 0, 0, '2019-02-12 14:40:40', 'PT6M27S', '2019-03-02 01:01:18', '2019-03-02 01:01:18'),
(63, 'HUJnBv_2ehA', 2, 'UC9oYsyIZ_hziMNc7cqCvF2w', 'Pelli Choopulu With Ex-Girl friend | Godavari Express | CAPDT | 4K', 'Godavariexpress #Capdt #Capdtlatest Here is our latest video \"Pellichoopulu With Ex-Girl friend\" Directed by \'RaviTeja Mahadasyam\' CAST Gopinath ...', '{\"default\":{\"url\":\"https:\\/\\/i.ytimg.com\\/vi\\/HUJnBv_2ehA\\/default.jpg\",\"width\":120,\"height\":90},\"medium\":{\"url\":\"https:\\/\\/i.ytimg.com\\/vi\\/HUJnBv_2ehA\\/mqdefault.jpg\",\"width\":320,\"height\":180},\"high\":{\"url\":\"https:\\/\\/i.ytimg.com\\/vi\\/HUJnBv_2ehA\\/hqdefault.jpg\",\"width\":480,\"height\":360}}', 'CAPDT,Godavari Express,4K Video,Trending,Trending Videos,Telugu Short Films,TV9,RGV,KGF,Telugu Videos,Telugu Lyrical Videos,Hey Pilla,Mahatalli,Chai Bisket,Telugu Full Movies,Jabardasth Latest,Jabardasth,Dhee jodi,Viva,Rowdy baby', 387677, NULL, NULL, NULL, NULL, 1, 0, 0, '2019-02-05 13:30:01', 'PT8M20S', '2019-03-02 01:01:18', '2019-03-02 01:01:18'),
(64, 'rCEIsA-gAFg', 2, 'UC9oYsyIZ_hziMNc7cqCvF2w', 'Bad Handwriting | Godavari Express | CAPDT', 'Godavariexpress #Capdt #Capdtlatest Here is our latest video \" BAD HANDWRITING \" Directed by \' Bhargav Writes \' CAST Gopinath Adimulam ...', '{\"default\":{\"url\":\"https:\\/\\/i.ytimg.com\\/vi\\/rCEIsA-gAFg\\/default.jpg\",\"width\":120,\"height\":90},\"medium\":{\"url\":\"https:\\/\\/i.ytimg.com\\/vi\\/rCEIsA-gAFg\\/mqdefault.jpg\",\"width\":320,\"height\":180},\"high\":{\"url\":\"https:\\/\\/i.ytimg.com\\/vi\\/rCEIsA-gAFg\\/hqdefault.jpg\",\"width\":480,\"height\":360}}', 'CAPDT,GodavariExpress,Comedy Videos,Mahatalli,VIVA,TV9,Telugu MOvies,Idream,TNR,Aditya Music,Lyrical Videos,Jabardasth', 157260, NULL, NULL, NULL, NULL, 1, 0, 0, '2019-01-27 10:31:19', 'PT9M', '2019-03-02 01:01:18', '2019-03-02 01:01:18'),
(65, 'WTnDqy-LruY', 3, 'UC9oYsyIZ_hziMNc7cqCvF2w', 'Sankranthi Leave | Godavari Express | CAPDT', 'Godavariexpress #Capdt #Capdtlatest Here is our latest video \"SANKRANTHI LEAVE \" Directed by Ravi Teja Mahadasyam CAST Gopinath Prasanna Krishna ...', '{\"default\":{\"url\":\"https:\\/\\/i.ytimg.com\\/vi\\/WTnDqy-LruY\\/default.jpg\",\"width\":120,\"height\":90},\"medium\":{\"url\":\"https:\\/\\/i.ytimg.com\\/vi\\/WTnDqy-LruY\\/mqdefault.jpg\",\"width\":320,\"height\":180},\"high\":{\"url\":\"https:\\/\\/i.ytimg.com\\/vi\\/WTnDqy-LruY\\/hqdefault.jpg\",\"width\":480,\"height\":360}}', 'CAPDT,Comedy Videos,Telugu funny videos,godavari express,jabardasth,chai bisket,mahatalli,telugu comedy videos', 143799, NULL, NULL, NULL, NULL, 1, 0, 0, '2019-01-12 17:05:12', 'PT8M14S', '2019-03-02 01:01:19', '2019-03-02 01:01:19'),
(66, 'XHCxTYDx5io', 3, 'UC9oYsyIZ_hziMNc7cqCvF2w', 'Telugu Medium | Godavari Express | CAPDT', 'Godavariexpress #Capdt #Capdtlatest Here is our latest video \"తెలుగు Medium\" Directed by Ravi Teja Mahadasyam & Gopi Nath. Starring : Gopi Nath ...', '{\"default\":{\"url\":\"https:\\/\\/i.ytimg.com\\/vi\\/XHCxTYDx5io\\/default.jpg\",\"width\":120,\"height\":90},\"medium\":{\"url\":\"https:\\/\\/i.ytimg.com\\/vi\\/XHCxTYDx5io\\/mqdefault.jpg\",\"width\":320,\"height\":180},\"high\":{\"url\":\"https:\\/\\/i.ytimg.com\\/vi\\/XHCxTYDx5io\\/hqdefault.jpg\",\"width\":480,\"height\":360}}', 'capdt,capdt latest,hey pilla,godavari,godavari express,capdt facebook', 225427, NULL, NULL, NULL, NULL, 1, 0, 0, '2019-01-05 12:30:00', 'PT10M7S', '2019-03-02 01:01:19', '2019-03-02 01:01:19'),
(67, '4uVMjpOAu0k', 4, 'UC9oYsyIZ_hziMNc7cqCvF2w', 'Aakali Rajyam - The Food Delivery Guy | Godavari Express | CAPDT |', 'Hello People, This is a new channel from CAPDT : Godavari express for awesome fun and relatable content. CAST: GOPI NATH Co Starring : BHARGAV ...', '{\"default\":{\"url\":\"https:\\/\\/i.ytimg.com\\/vi\\/4uVMjpOAu0k\\/default.jpg\",\"width\":120,\"height\":90},\"medium\":{\"url\":\"https:\\/\\/i.ytimg.com\\/vi\\/4uVMjpOAu0k\\/mqdefault.jpg\",\"width\":320,\"height\":180},\"high\":{\"url\":\"https:\\/\\/i.ytimg.com\\/vi\\/4uVMjpOAu0k\\/hqdefault.jpg\",\"width\":480,\"height\":360}}', 'CAPDT,CAPDT Latest,Godavari Express Channel,Telugu Funny videos,telugu comedy latest,comedy telugu,jabadasth,pataas,godavari jilla comedy,godavari yaasa', 165208, NULL, NULL, NULL, NULL, 1, 0, 0, '2018-12-26 15:16:38', 'PT10M22S', '2019-03-02 01:01:19', '2019-03-02 01:01:19'),
(68, 'B-FnWZjbdrI', 4, 'UCn_DZJs6iiF0JDHTMwiKM2w', 'Ammayi Ki Avanni Endhuku | CAPDT | HEY PILLA', 'HEYPIILLA #CAPDT #Capdtlatest Here is our latest video \" Ammayiki Avanni Endhuku \" Directed By \'Ravi Teja Mahadasyam\' CAST Soniya Singh Ravi Teja ...', '{\"default\":{\"url\":\"https:\\/\\/i.ytimg.com\\/vi\\/B-FnWZjbdrI\\/default.jpg\",\"width\":120,\"height\":90},\"medium\":{\"url\":\"https:\\/\\/i.ytimg.com\\/vi\\/B-FnWZjbdrI\\/mqdefault.jpg\",\"width\":320,\"height\":180},\"high\":{\"url\":\"https:\\/\\/i.ytimg.com\\/vi\\/B-FnWZjbdrI\\/hqdefault.jpg\",\"width\":480,\"height\":360}}', 'CAPDT,HEYPIILLA,GODAVARI EXPRESS,Jabardasth,extra jabardasth,tv9,rgv,dhee,mahatalli,viva,chai bisket,girl formula,dettadi,idream,tnr,Comedy Videos,Funny Videos,Telugu Comedy Videos,Telugu Funny Videos,Comedy Scenes', 71989, NULL, NULL, NULL, NULL, 1, 0, 0, '2019-02-28 12:29:59', 'PT6M4S', '2019-03-02 01:01:22', '2019-03-02 01:01:22'),
(69, 'FWZP3Kouj_A', 5, 'UCn_DZJs6iiF0JDHTMwiKM2w', 'Nenu Naa Rakshasi | Hey Pilla | CAPDT', 'HEYPIILLA #CAPDT #Capdtlatest Here is our latest video \" Nenu Naa Rakshasi \" Directed By \'Ravi Teja Mahadasyam\' CAST Soniya Singh Amala Chebolu ...', '{\"default\":{\"url\":\"https:\\/\\/i.ytimg.com\\/vi\\/FWZP3Kouj_A\\/default.jpg\",\"width\":120,\"height\":90},\"medium\":{\"url\":\"https:\\/\\/i.ytimg.com\\/vi\\/FWZP3Kouj_A\\/mqdefault.jpg\",\"width\":320,\"height\":180},\"high\":{\"url\":\"https:\\/\\/i.ytimg.com\\/vi\\/FWZP3Kouj_A\\/hqdefault.jpg\",\"width\":480,\"height\":360}}', 'CAPDT,Hey Pilla,Godavari Express,Girls Channel,Comedy Videos,Trending Videos,Trending,Funny Videos,TV9,mahatalli,chai bisket,viva,jabardasth videos,jabardasth latest episode,dhee latest,idream', 149455, NULL, NULL, NULL, NULL, 1, 0, 0, '2019-02-20 13:30:01', 'PT7M21S', '2019-03-02 01:01:22', '2019-03-02 01:01:22'),
(70, 'sDnFAU88nSs', 5, 'UCn_DZJs6iiF0JDHTMwiKM2w', 'BAJARANG DAL GIRL | HEY PILLA | CAPDT |', 'Capdtlatest #Heypilla #Bajarangdal Here is our latest video \"Bajarang Dal Girl\" Directed by Satish Reddy Mallidi Break-up ki permission Link ...', '{\"default\":{\"url\":\"https:\\/\\/i.ytimg.com\\/vi\\/sDnFAU88nSs\\/default.jpg\",\"width\":120,\"height\":90},\"medium\":{\"url\":\"https:\\/\\/i.ytimg.com\\/vi\\/sDnFAU88nSs\\/mqdefault.jpg\",\"width\":320,\"height\":180},\"high\":{\"url\":\"https:\\/\\/i.ytimg.com\\/vi\\/sDnFAU88nSs\\/hqdefault.jpg\",\"width\":480,\"height\":360}}', 'Lakshmi\'s ntr,majili teaser,lakshmi\'s ntr teaser,rgv,capdt,bajarang dal,valentinesday,nagachaitanya,samantha,capdt facebook,godavari express,gopi nath capdt,CAPDT', 291989, NULL, NULL, NULL, NULL, 1, 0, 0, '2019-02-14 05:00:06', 'PT10M17S', '2019-03-02 01:01:23', '2019-03-02 01:01:23'),
(71, '-HyAcTu8tuc', 6, 'UCn_DZJs6iiF0JDHTMwiKM2w', 'How To Impress Boys | Hey Pilla | CAPDT | 4k', 'HEYPIILLA #CAPDT #Capdtlatest Here is our latest video \" How To Impress Boys \" Directed By \'Ravi Teja Mahadasyam\' CAST Soniya Singh Nayani Pavani ...', '{\"default\":{\"url\":\"https:\\/\\/i.ytimg.com\\/vi\\/-HyAcTu8tuc\\/default.jpg\",\"width\":120,\"height\":90},\"medium\":{\"url\":\"https:\\/\\/i.ytimg.com\\/vi\\/-HyAcTu8tuc\\/mqdefault.jpg\",\"width\":320,\"height\":180},\"high\":{\"url\":\"https:\\/\\/i.ytimg.com\\/vi\\/-HyAcTu8tuc\\/hqdefault.jpg\",\"width\":480,\"height\":360}}', 'CAPDT,Hey Pilla,Godavari Express,Tv9,Jabardasth,Extra Jabardasth,dhee Jodi,Mahatalli,Girls Channel,How To Impress Boys,4k,Trending videos,Trending', 419963, NULL, NULL, NULL, NULL, 1, 0, 0, '2019-02-06 14:30:00', 'PT10M38S', '2019-03-02 01:01:23', '2019-03-02 01:01:23'),
(72, 'YcbwdcNwpnw', 6, 'UCn_DZJs6iiF0JDHTMwiKM2w', 'F2 - Females &amp; Frustration | Hey Pilla | CAPDT', 'Here is our latest video \"F2 - Females & Frustration\" Directed by Sarat Ankit Nadiminti & Ravi Teja Mahadasyam . CAST Soniya Singh Ravi Teja Mahadasyam ...', '{\"default\":{\"url\":\"https:\\/\\/i.ytimg.com\\/vi\\/YcbwdcNwpnw\\/default.jpg\",\"width\":120,\"height\":90},\"medium\":{\"url\":\"https:\\/\\/i.ytimg.com\\/vi\\/YcbwdcNwpnw\\/mqdefault.jpg\",\"width\":320,\"height\":180},\"high\":{\"url\":\"https:\\/\\/i.ytimg.com\\/vi\\/YcbwdcNwpnw\\/hqdefault.jpg\",\"width\":480,\"height\":360}}', 'hey pilla,nayanai pavani,soniya singh,capdt,godavari express,capdt facebook,nayanai pavani latest,latest telugu comedy videos,latest comedy 2019,2019 latest videos', 246439, NULL, NULL, NULL, NULL, 1, 0, 0, '2019-01-20 07:38:56', 'PT3M32S', '2019-03-02 01:01:23', '2019-03-02 01:01:23'),
(73, 'UXcJAFtoxQg', 1, 'UCn_DZJs6iiF0JDHTMwiKM2w', 'Ammayi Boothulu Matladithe | Hey Pilla | CAPDT', 'Here is our latest video \"Ammayi Boothulu Matladithe\" Directed by Ravi Teja Mahadasyam . CAST Soniya Singh Bhargav Reddy Pavan Sidhu Goutham ...', '{\"default\":{\"url\":\"https:\\/\\/i.ytimg.com\\/vi\\/UXcJAFtoxQg\\/default.jpg\",\"width\":120,\"height\":90},\"medium\":{\"url\":\"https:\\/\\/i.ytimg.com\\/vi\\/UXcJAFtoxQg\\/mqdefault.jpg\",\"width\":320,\"height\":180},\"high\":{\"url\":\"https:\\/\\/i.ytimg.com\\/vi\\/UXcJAFtoxQg\\/hqdefault.jpg\",\"width\":480,\"height\":360}}', 'CAPDT,HEY PILLA,Ammayi Boothulu Matladithe,mahatalli,chai bisket,jabardasth,godhavari express,idream', 650323, NULL, NULL, NULL, NULL, 1, 0, 0, '2019-01-12 07:38:01', 'PT6M36S', '2019-03-02 01:01:23', '2019-03-02 01:01:23'),
(74, 'yrQ-zENgxpg', 2, 'UCn_DZJs6iiF0JDHTMwiKM2w', 'New Year Nightout with RGV | Hey Pilla | CAPDT', 'Here is our second video \"New Year Nightout with RGV\" Directed by Bhargav Reddy. Starring : Nayani Pavani & Bhargav Reddy Concept by Sarat Ankit ...', '{\"default\":{\"url\":\"https:\\/\\/i.ytimg.com\\/vi\\/yrQ-zENgxpg\\/default.jpg\",\"width\":120,\"height\":90},\"medium\":{\"url\":\"https:\\/\\/i.ytimg.com\\/vi\\/yrQ-zENgxpg\\/mqdefault.jpg\",\"width\":320,\"height\":180},\"high\":{\"url\":\"https:\\/\\/i.ytimg.com\\/vi\\/yrQ-zENgxpg\\/hqdefault.jpg\",\"width\":480,\"height\":360}}', 'CAPDT,Rgv jaffar,Rgv latest,Rgv videos,hey pilla,nayani pavani,nayani pavani instagram,capdt,godavari express,idream media,viva latest,comedy videos,telugu video songs,rgv movies,rgv thuglife videos,vennupotu,ntrs lakshmi,ntr biopic,maharshi first look,aditya music,RGV', 116663, NULL, NULL, NULL, NULL, 1, 0, 0, '2018-12-31 13:06:51', 'PT10M51S', '2019-03-02 01:01:23', '2019-03-02 01:01:23'),
(75, 'k6SANwqV2c0', 3, 'UCn_DZJs6iiF0JDHTMwiKM2w', 'Adhenti Nuvvu Committed kaada? | Hey Pilla | CAPDT |', 'Welcome to Hey Pilla! Here is our first video on the wrong assumptions people have about girls being committed Starring : Sai Pavani Raju, Pavan Sidhu, Gopi ...', '{\"default\":{\"url\":\"https:\\/\\/i.ytimg.com\\/vi\\/k6SANwqV2c0\\/default.jpg\",\"width\":120,\"height\":90},\"medium\":{\"url\":\"https:\\/\\/i.ytimg.com\\/vi\\/k6SANwqV2c0\\/mqdefault.jpg\",\"width\":320,\"height\":180},\"high\":{\"url\":\"https:\\/\\/i.ytimg.com\\/vi\\/k6SANwqV2c0\\/hqdefault.jpg\",\"width\":480,\"height\":360}}', 'capdt,CAPDt latest,Telugu SHort films,girls channel,nayani pavani,instagram telugu,viva,girl formula,mahathalli,jabardasth,patas,telugu comedy,comedy videos,latest dance videos,latest lyrical videos,tik tok', 460272, NULL, NULL, NULL, NULL, 1, 0, 0, '2018-12-23 16:10:01', 'PT7M48S', '2019-03-02 01:01:24', '2019-03-02 01:08:17');



INSERT INTO `webseries` (`w_id`, `w_title`, `w_alias`, `w_poster`, `w_description`, `w_meta_keys`, `w_status`, `created_at`, `updated_at`) VALUES
(1, 'BACHELOR SEASON', 'bachelor-season', '1551508420.jpg', 'BACHELOR SEASON', 'BACHELOR SEASON', '1', '2019-03-02 01:03:40', '2019-03-02 01:03:40'),
(2, 'Oka Radha Iddaru Krishnulu', 'oka-radha-iddaru-krishnulu', '1551508441.jpg', 'Oka Radha Iddaru Krishnulu', 'Oka Radha Iddaru Krishnulu', '1', '2019-03-02 01:04:01', '2019-03-02 01:04:01'),
(3, 'Yeh Meri Family', 'yeh-meri-family', '1551508455.jpg', 'Yeh Meri Family', 'Yeh Meri Family', '1', '2019-03-02 01:04:15', '2019-03-02 01:04:15'),
(4, 'Inmates', 'inmates', '1551508469.jpg', 'Inmates', 'Inmates', '1', '2019-03-02 01:04:29', '2019-03-02 01:04:29'),
(5, 'Oka Radha Iddaru Krishnulu 2', 'oka-radha-iddaru-krishnulu-2', '1551508499.jpg', 'Oka Radha Iddaru Krishnulu 2', 'Oka Radha Iddaru Krishnulu 2', '1', '2019-03-02 01:04:59', '2019-03-02 01:04:59'),
(6, 'Bachelors Sesons 2', 'bachelors-sesons-2', '1551508515.jpg', 'Bachelors Sesons 2', 'Bachelors Sesons 2', '1', '2019-03-02 01:05:15', '2019-03-02 01:05:15');


